GeneID,Position,Codon,rfpCount
YBR131W,29,TTT,1
YBR131W,63,TTT,0
YBR131W,70,TTT,1
YBR131W,76,TTT,0
YBR131W,142,TTT,0
YBR131W,177,TTT,0
YBR131W,236,TTT,0
YBR131W,310,TTT,0
YBR131W,335,TTT,0
YBR131W,344,TTT,0
YBR131W,349,TTT,0
YBR131W,352,TTT,1
YBR131W,355,TTT,1
YBR131W,404,TTT,0
YBR131W,422,TTT,0
YBR131W,427,TTT,0
YBR131W,480,TTT,0
YBR131W,531,TTT,0
YBR131W,562,TTT,0
YBR131W,577,TTT,0
YBR131W,588,TTT,0
YBR131W,80,TCT,0
YBR131W,130,TCT,1
YBR131W,221,TCT,0
YBR131W,235,TCT,0
YBR131W,272,TCT,0
YBR131W,395,TCT,0
YBR131W,424,TCT,0
YBR131W,582,TCT,0
YBR131W,361,TGT,0
YBR131W,369,TGT,0
YBR131W,382,TGT,1
YBR131W,13,TGG,0
YBR131W,48,TGG,0
YBR131W,67,TGG,0
YBR131W,93,TGG,1
YBR131W,155,TGG,0
YBR131W,266,TGG,0
YBR131W,350,TGG,1
YBR131W,459,TGG,2
YBR131W,508,TGG,0
YBR131W,561,TGG,0
YBR131W,598,TGG,0
YBR131W,599,TGG,0
YBR131W,8,CTC,0
YBR131W,22,CTC,0
YBR131W,36,CTC,0
YBR131W,220,CTC,1
YBR131W,232,CTC,0
YBR131W,46,CCG,1
YBR131W,262,CCG,0
YBR131W,267,CCG,0
YBR131W,363,CCG,0
YBR131W,77,CAA,0
YBR131W,182,CAA,0
YBR131W,187,CAA,1
YBR131W,204,CAA,3
YBR131W,210,CAA,1
YBR131W,214,CAA,0
YBR131W,297,CAA,0
YBR131W,327,CAA,0
YBR131W,380,CAA,0
YBR131W,396,CAA,0
YBR131W,437,CAA,0
YBR131W,489,CAA,0
YBR131W,563,CAA,0
YBR131W,573,CAA,0
YBR131W,589,CAA,0
YBR131W,6,CAG,2
YBR131W,99,CAG,0
YBR131W,202,CAG,0
YBR131W,205,CAG,0
YBR131W,383,CAG,3
YBR131W,445,CAG,4
YBR131W,511,CAG,0
YBR131W,516,CAG,0
YBR131W,522,CAG,0
YBR131W,532,CAG,0
YBR131W,3,ATA,0
YBR131W,96,ATA,1
YBR131W,166,ATA,0
YBR131W,170,ATA,1
YBR131W,227,ATA,0
YBR131W,241,ATA,0
YBR131W,257,ATA,0
YBR131W,305,ATA,1
YBR131W,443,ATA,1
YBR131W,462,ATA,0
YBR131W,57,ACT,0
YBR131W,64,ACT,0
YBR131W,135,ACT,0
YBR131W,212,ACT,0
YBR131W,248,ACT,2
YBR131W,428,ACT,0
YBR131W,435,ACT,0
YBR131W,463,ACT,2
YBR131W,476,ACT,0
YBR131W,488,ACT,2
YBR131W,519,ACT,3
YBR131W,596,ACT,2
YBR131W,123,ACC,0
YBR131W,143,ACC,0
YBR131W,162,ACC,0
YBR131W,246,ACC,0
YBR131W,413,ACC,0
YBR131W,23,AAT,0
YBR131W,49,AAT,0
YBR131W,54,AAT,0
YBR131W,60,AAT,2
YBR131W,75,AAT,0
YBR131W,82,AAT,0
YBR131W,87,AAT,0
YBR131W,88,AAT,0
YBR131W,100,AAT,0
YBR131W,127,AAT,0
YBR131W,154,AAT,0
YBR131W,174,AAT,0
YBR131W,216,AAT,1
YBR131W,279,AAT,0
YBR131W,280,AAT,2
YBR131W,283,AAT,0
YBR131W,285,AAT,0
YBR131W,289,AAT,0
YBR131W,291,AAT,0
YBR131W,318,AAT,1
YBR131W,332,AAT,0
YBR131W,346,AAT,0
YBR131W,390,AAT,0
YBR131W,397,AAT,0
YBR131W,450,AAT,0
YBR131W,452,AAT,0
YBR131W,458,AAT,1
YBR131W,460,AAT,1
YBR131W,469,AAT,1
YBR131W,475,AAT,2
YBR131W,497,AAT,0
YBR131W,500,AAT,3
YBR131W,541,AAT,0
YBR131W,551,AAT,0
YBR131W,564,AAT,0
YBR131W,30,AAC,0
YBR131W,41,AAC,0
YBR131W,141,AAC,1
YBR131W,147,AAC,0
YBR131W,194,AAC,1
YBR131W,215,AAC,3
YBR131W,229,AAC,0
YBR131W,273,AAC,0
YBR131W,287,AAC,0
YBR131W,307,AAC,1
YBR131W,334,AAC,1
YBR131W,337,AAC,0
YBR131W,366,AAC,3
YBR131W,389,AAC,0
YBR131W,394,AAC,0
YBR131W,400,AAC,0
YBR131W,411,AAC,0
YBR131W,441,AAC,0
YBR131W,448,AAC,0
YBR131W,482,AAC,1
YBR131W,485,AAC,0
YBR131W,523,AAC,2
YBR131W,540,AAC,0
YBR131W,550,AAC,1
YBR131W,553,AAC,0
YBR131W,560,AAC,0
YBR131W,565,AAC,2
YBR131W,575,AAC,0
YBR131W,1,AGT,1
YBR131W,9,AGT,2
YBR131W,15,AGT,1
YBR131W,107,AGT,0
YBR131W,144,AGT,0
YBR131W,168,AGT,0
YBR131W,190,AGT,1
YBR131W,245,AGT,0
YBR131W,275,AGT,0
YBR131W,384,AGT,0
YBR131W,520,AGT,0
YBR131W,578,AGT,0
YBR131W,585,AGT,0
YBR131W,590,AGT,0
YBR131W,58,GTA,0
YBR131W,65,GTA,0
YBR131W,139,GTA,4
YBR131W,183,GTA,0
YBR131W,230,GTA,0
YBR131W,261,GTA,0
YBR131W,358,GTA,0
YBR131W,484,GTA,1
YBR131W,10,GCT,0
YBR131W,95,GCT,0
YBR131W,126,GCT,1
YBR131W,240,GCT,0
YBR131W,300,GCT,3
YBR131W,405,GCT,0
YBR131W,457,GCT,0
YBR131W,470,GCT,0
YBR131W,570,GCT,1
YBR131W,74,GCA,0
YBR131W,237,GCA,0
YBR131W,288,GCA,0
YBR131W,439,GCA,0
YBR131W,504,GCA,0
YBR131W,571,GCA,0
YBR131W,38,GAT,0
YBR131W,50,GAT,0
YBR131W,104,GAT,0
YBR131W,151,GAT,0
YBR131W,192,GAT,0
YBR131W,286,GAT,0
YBR131W,343,GAT,0
YBR131W,353,GAT,0
YBR131W,354,GAT,0
YBR131W,362,GAT,0
YBR131W,399,GAT,0
YBR131W,410,GAT,0
YBR131W,430,GAT,0
YBR131W,444,GAT,0
YBR131W,449,GAT,1
YBR131W,486,GAT,0
YBR131W,529,GAT,0
YBR131W,580,GAT,0
YBR131W,32,GAC,0
YBR131W,94,GAC,1
YBR131W,113,GAC,2
YBR131W,145,GAC,0
YBR131W,197,GAC,0
YBR131W,239,GAC,0
YBR131W,259,GAC,0
YBR131W,277,GAC,0
YBR131W,320,GAC,0
YBR131W,340,GAC,1
YBR131W,364,GAC,0
YBR131W,372,GAC,3
YBR131W,376,GAC,0
YBR131W,417,GAC,0
YBR131W,509,GAC,0
YBR131W,513,GAC,0
YBR131W,527,GAC,1
YBR131W,594,GAC,0
YBR131W,597,GAC,1
YBR131W,28,GGA,1
YBR131W,84,GGA,0
YBR131W,110,GGA,1
YBR131W,132,GGA,1
YBR131W,137,GGA,1
YBR131W,173,GGA,3
YBR131W,195,GGA,1
YBR131W,302,GGA,0
YBR131W,479,GGA,0
YBR131W,481,GGA,0
YBR131W,584,GGA,1
YHL013C,80,TTT,2
YHL013C,125,TTT,0
YHL013C,57,TCT,5
YHL013C,82,TCT,1
YHL013C,158,TCT,0
YHL013C,207,TCT,0
YHL013C,78,TGT,1
YHL013C,110,TGT,10
YHL013C,180,TGT,2
YHL013C,107,TGG,25
YHL013C,148,TGG,0
YHL013C,79,CTC,6
YHL013C,157,CTC,1
YHL013C,48,CCG,6
YHL013C,2,CAA,4
YHL013C,8,CAA,1
YHL013C,9,CAA,1
YHL013C,11,CAA,5
YHL013C,12,CAA,1
YHL013C,22,CAA,4
YHL013C,47,CAA,2
YHL013C,69,CAA,0
YHL013C,73,CAA,3
YHL013C,98,CAA,8
YHL013C,147,CAA,8
YHL013C,175,CAA,0
YHL013C,3,CAG,9
YHL013C,10,CAG,6
YHL013C,14,CAG,2
YHL013C,55,CAG,12
YHL013C,60,CAG,17
YHL013C,86,CAG,3
YHL013C,114,CAG,6
YHL013C,58,ATA,6
YHL013C,72,ATA,1
YHL013C,83,ATA,5
YHL013C,129,ACT,18
YHL013C,4,AAT,4
YHL013C,20,AAT,10
YHL013C,111,AAT,11
YHL013C,178,AAT,6
YHL013C,183,AAT,4
YHL013C,202,AAT,8
YHL013C,109,AGT,6
YHL013C,170,AGT,7
YHL013C,113,GTA,1
YHL013C,34,GCT,6
YHL013C,40,GCT,5
YHL013C,41,GCT,7
YHL013C,146,GCT,19
YHL013C,156,GCT,0
YHL013C,31,GCA,3
YHL013C,32,GCA,3
YHL013C,44,GCA,0
YHL013C,81,GCA,4
YHL013C,196,GCA,4
YHL013C,30,GAT,13
YHL013C,59,GAT,3
YHL013C,71,GAT,0
YHL013C,75,GAT,15
YHL013C,85,GAT,5
YHL013C,92,GAT,0
YHL013C,97,GAT,0
YHL013C,101,GAT,2
YHL013C,118,GAT,0
YHL013C,119,GAT,3
YHL013C,126,GAT,1
YHL013C,136,GAT,5
YHL013C,206,GAT,0
YHL013C,49,GAC,5
YHL013C,99,GAC,2
YHL013C,134,GAC,16
YHL013C,162,GAC,0
YHL013C,171,GGA,2
YOR196C,87,TTT,0
YOR196C,250,TTT,4
YOR196C,272,TTT,2
YOR196C,303,TTT,3
YOR196C,68,TCT,2
YOR196C,89,TCT,1
YOR196C,157,TCT,2
YOR196C,202,TCT,4
YOR196C,289,TCT,0
YOR196C,50,TGT,1
YOR196C,55,TGT,0
YOR196C,61,TGT,0
YOR196C,85,TGT,0
YOR196C,88,TGT,1
YOR196C,173,TGT,2
YOR196C,245,TGT,0
YOR196C,287,TGT,1
YOR196C,23,TGG,2
YOR196C,62,TGG,4
YOR196C,114,TGG,3
YOR196C,275,TGG,3
YOR196C,99,CCG,7
YOR196C,214,CCG,2
YOR196C,12,CAA,1
YOR196C,172,CAA,1
YOR196C,232,CAA,0
YOR196C,235,CAA,0
YOR196C,244,CAA,3
YOR196C,252,CAA,2
YOR196C,146,CAG,1
YOR196C,201,CAG,13
YOR196C,222,ATA,1
YOR196C,48,ACT,2
YOR196C,80,ACT,4
YOR196C,82,ACT,8
YOR196C,107,ACT,5
YOR196C,122,ACT,2
YOR196C,151,ACT,3
YOR196C,155,ACT,10
YOR196C,198,ACT,1
YOR196C,218,ACT,0
YOR196C,229,ACT,0
YOR196C,234,ACT,0
YOR196C,236,ACT,2
YOR196C,32,ACC,0
YOR196C,92,ACC,3
YOR196C,123,ACC,8
YOR196C,257,ACC,5
YOR196C,13,AAT,2
YOR196C,33,AAT,0
YOR196C,57,AAT,2
YOR196C,93,AAT,1
YOR196C,106,AAT,9
YOR196C,135,AAT,0
YOR196C,150,AAT,0
YOR196C,181,AAT,2
YOR196C,242,AAT,0
YOR196C,306,AAC,0
YOR196C,312,AAC,0
YOR196C,47,AGT,9
YOR196C,97,AGT,5
YOR196C,204,AGT,1
YOR196C,41,GTA,9
YOR196C,153,GTA,0
YOR196C,264,GTA,4
YOR196C,293,GTA,2
YOR196C,17,GCT,1
YOR196C,110,GCT,3
YOR196C,134,GCT,1
YOR196C,197,GCT,4
YOR196C,211,GCT,2
YOR196C,279,GCT,3
YOR196C,299,GCT,2
YOR196C,10,GCA,5
YOR196C,53,GCA,5
YOR196C,70,GCA,1
YOR196C,72,GCA,7
YOR196C,148,GCA,1
YOR196C,171,GCA,6
YOR196C,179,GCA,8
YOR196C,209,GCA,2
YOR196C,288,GCA,0
YOR196C,302,GCA,3
YOR196C,66,GAT,8
YOR196C,79,GAT,2
YOR196C,125,GAT,0
YOR196C,128,GAT,4
YOR196C,131,GAT,1
YOR196C,159,GAT,5
YOR196C,163,GAT,5
YOR196C,176,GAT,0
YOR196C,230,GAT,0
YOR196C,239,GAT,0
YOR196C,246,GAT,1
YOR196C,5,GAC,3
YOR196C,40,GAC,3
YOR196C,100,GAC,6
YOR196C,127,GAC,0
YOR196C,168,GAC,2
YOR196C,194,GAC,0
YOR196C,273,GAC,1
YOR196C,63,GGA,1
YOR196C,84,GGA,0
YOR196C,227,GGA,7
YOR196C,283,GGA,7
YOR196C,290,GGA,2
YOR181W,2,TTT,0
YOR181W,7,TTT,0
YOR181W,16,TTT,2
YOR181W,95,TTT,0
YOR181W,103,TTT,2
YOR181W,146,TTT,0
YOR181W,172,TTT,1
YOR181W,189,TTT,6
YOR181W,191,TTT,0
YOR181W,198,TTT,3
YOR181W,316,TTT,2
YOR181W,50,TCT,5
YOR181W,125,TCT,2
YOR181W,157,TCT,1
YOR181W,184,TCT,1
YOR181W,269,TCT,10
YOR181W,294,TCT,0
YOR181W,312,TCT,3
YOR181W,326,TCT,0
YOR181W,376,TCT,1
YOR181W,416,TCT,2
YOR181W,486,TCT,3
YOR181W,505,TCT,9
YOR181W,533,TGG,6
YOR181W,275,CTC,3
YOR181W,89,CCG,6
YOR181W,114,CCG,8
YOR181W,140,CCG,2
YOR181W,192,CCG,3
YOR181W,228,CCG,1
YOR181W,247,CCG,9
YOR181W,255,CCG,0
YOR181W,374,CCG,0
YOR181W,392,CCG,1
YOR181W,405,CCG,12
YOR181W,503,CCG,22
YOR181W,21,CAA,0
YOR181W,48,CAA,0
YOR181W,51,CAA,0
YOR181W,65,CAA,0
YOR181W,99,CAA,2
YOR181W,154,CAA,3
YOR181W,160,CAA,12
YOR181W,166,CAA,1
YOR181W,168,CAA,0
YOR181W,200,CAA,0
YOR181W,303,CAA,1
YOR181W,304,CAA,0
YOR181W,307,CAA,2
YOR181W,341,CAA,10
YOR181W,348,CAA,2
YOR181W,358,CAA,0
YOR181W,362,CAA,5
YOR181W,412,CAA,3
YOR181W,413,CAA,1
YOR181W,415,CAA,5
YOR181W,427,CAA,7
YOR181W,145,CAG,1
YOR181W,183,CAG,4
YOR181W,195,CAG,1
YOR181W,196,CAG,10
YOR181W,197,CAG,9
YOR181W,208,CAG,7
YOR181W,209,CAG,3
YOR181W,215,CAG,3
YOR181W,278,CAG,4
YOR181W,308,CAG,0
YOR181W,319,CAG,4
YOR181W,355,CAG,4
YOR181W,379,CAG,3
YOR181W,381,CAG,2
YOR181W,384,CAG,7
YOR181W,471,CAG,6
YOR181W,480,CAG,3
YOR181W,206,ATA,3
YOR181W,382,ATA,13
YOR181W,461,ATA,0
YOR181W,31,ACT,1
YOR181W,79,ACT,0
YOR181W,115,ACT,1
YOR181W,233,ACT,1
YOR181W,234,ACT,0
YOR181W,280,ACT,1
YOR181W,334,ACT,4
YOR181W,343,ACT,0
YOR181W,346,ACT,1
YOR181W,357,ACT,0
YOR181W,411,ACT,0
YOR181W,442,ACT,4
YOR181W,443,ACT,1
YOR181W,519,ACT,11
YOR181W,41,ACC,1
YOR181W,116,ACC,1
YOR181W,232,ACC,1
YOR181W,263,ACC,4
YOR181W,266,ACC,2
YOR181W,337,ACC,0
YOR181W,11,AAT,4
YOR181W,36,AAT,0
YOR181W,64,AAT,1
YOR181W,70,AAT,3
YOR181W,107,AAT,1
YOR181W,144,AAT,4
YOR181W,161,AAT,2
YOR181W,170,AAT,0
YOR181W,199,AAT,2
YOR181W,210,AAT,0
YOR181W,220,AAT,7
YOR181W,221,AAT,10
YOR181W,265,AAT,2
YOR181W,268,AAT,0
YOR181W,273,AAT,4
YOR181W,305,AAT,1
YOR181W,310,AAT,2
YOR181W,311,AAT,4
YOR181W,321,AAT,2
YOR181W,336,AAT,2
YOR181W,356,AAT,4
YOR181W,365,AAT,3
YOR181W,495,AAT,0
YOR181W,529,AAT,2
YOR181W,28,AAC,3
YOR181W,34,AAC,1
YOR181W,156,AAC,3
YOR181W,162,AAC,2
YOR181W,187,AAC,4
YOR181W,218,AAC,13
YOR181W,299,AAC,1
YOR181W,313,AAC,1
YOR181W,323,AAC,0
YOR181W,515,AAC,0
YOR181W,101,AGT,8
YOR181W,138,AGT,0
YOR181W,264,AGT,0
YOR181W,400,AGT,1
YOR181W,8,GTA,2
YOR181W,38,GTA,0
YOR181W,44,GTA,2
YOR181W,128,GTA,6
YOR181W,193,GTA,2
YOR181W,262,GTA,7
YOR181W,27,GCT,5
YOR181W,37,GCT,0
YOR181W,84,GCT,1
YOR181W,120,GCT,2
YOR181W,201,GCT,4
YOR181W,243,GCT,0
YOR181W,401,GCT,1
YOR181W,419,GCT,1
YOR181W,421,GCT,0
YOR181W,430,GCT,2
YOR181W,440,GCT,1
YOR181W,453,GCT,7
YOR181W,463,GCT,2
YOR181W,487,GCT,0
YOR181W,493,GCT,3
YOR181W,504,GCT,16
YOR181W,513,GCT,10
YOR181W,523,GCT,4
YOR181W,3,GCA,1
YOR181W,13,GCA,0
YOR181W,39,GCA,0
YOR181W,111,GCA,2
YOR181W,113,GCA,6
YOR181W,124,GCA,6
YOR181W,185,GCA,0
YOR181W,253,GCA,0
YOR181W,286,GCA,3
YOR181W,293,GCA,1
YOR181W,344,GCA,1
YOR181W,345,GCA,0
YOR181W,350,GCA,3
YOR181W,359,GCA,1
YOR181W,369,GCA,1
YOR181W,375,GCA,3
YOR181W,386,GCA,0
YOR181W,389,GCA,4
YOR181W,402,GCA,1
YOR181W,408,GCA,5
YOR181W,446,GCA,6
YOR181W,450,GCA,5
YOR181W,458,GCA,4
YOR181W,482,GCA,8
YOR181W,491,GCA,1
YOR181W,507,GCA,0
YOR181W,511,GCA,0
YOR181W,512,GCA,1
YOR181W,9,GAT,2
YOR181W,73,GAT,2
YOR181W,96,GAT,1
YOR181W,105,GAT,2
YOR181W,445,GAT,5
YOR181W,449,GAT,1
YOR181W,473,GAT,2
YOR181W,508,GAT,0
YOR181W,526,GAT,7
YOR181W,531,GAT,2
YOR181W,532,GAT,5
YOR181W,63,GAC,3
YOR181W,75,GAC,9
YOR181W,98,GAC,3
YOR181W,151,GAC,13
YOR181W,468,GAC,3
YOR181W,525,GAC,4
YOR181W,528,GAC,6
YOR181W,272,GGA,2
YOR181W,281,GGA,3
YOR181W,317,GGA,9
YOR181W,347,GGA,4
YOR181W,417,GGA,2
YOR181W,418,GGA,3
YOR181W,435,GGA,1
YOR181W,444,GGA,6
YOR181W,484,GGA,0
YOR181W,494,GGA,0
YOR181W,496,GGA,3
YOR181W,501,GGA,0
YOR181W,522,GGA,5
YHR163W,97,TTT,15
YHR163W,112,TTT,0
YHR163W,128,TTT,38
YHR163W,141,TTT,3
YHR163W,149,TTT,3
YHR163W,19,TCT,0
YHR163W,74,TCT,6
YHR163W,42,TGT,7
YHR163W,49,TGT,4
YHR163W,96,TGT,6
YHR163W,70,TGG,27
YHR163W,134,TGG,36
YHR163W,33,CAA,7
YHR163W,105,CAA,7
YHR163W,118,CAA,2
YHR163W,145,CAA,3
YHR163W,2,CAG,6
YHR163W,107,ATA,16
YHR163W,48,ACT,1
YHR163W,85,ACT,11
YHR163W,148,ACT,2
YHR163W,65,ACC,11
YHR163W,83,ACC,12
YHR163W,121,ACC,5
YHR163W,106,AAT,15
YHR163W,137,AAT,0
YHR163W,4,AAC,30
YHR163W,20,AAC,7
YHR163W,21,AAC,5
YHR163W,62,AAC,2
YHR163W,116,AAC,17
YHR163W,125,AAC,8
YHR163W,1,AGT,19
YHR163W,79,AGT,36
YHR163W,102,AGT,36
YHR163W,31,GTA,1
YHR163W,38,GTA,56
YHR163W,17,GCT,0
YHR163W,24,GCT,2
YHR163W,69,GCT,7
YHR163W,99,GCT,0
YHR163W,140,GCT,8
YHR163W,25,GCA,2
YHR163W,122,GCA,1
YHR163W,16,GAT,1
YHR163W,36,GAT,3
YHR163W,45,GAT,11
YHR163W,73,GAT,13
YHR163W,117,GAT,2
YHR163W,9,GAC,5
YHR163W,80,GAC,30
YHR163W,91,GAC,10
YHR163W,113,GAC,0
YHR163W,46,GGA,6
YHR163W,54,GGA,3
YHR163W,142,GGA,31
YLR128W,35,TTT,0
YLR128W,94,TTT,0
YLR128W,134,TTT,0
YLR128W,156,TTT,1
YLR128W,39,TGT,0
YLR128W,34,TGG,3
YLR128W,91,TGG,0
YLR128W,111,TGG,4
YLR128W,128,TGG,3
YLR128W,154,TGG,0
YLR128W,132,CTC,0
YLR128W,133,CTC,0
YLR128W,37,CAA,0
YLR128W,46,CAA,0
YLR128W,61,CAA,0
YLR128W,96,CAA,0
YLR128W,169,CAA,0
YLR128W,65,CAG,0
YLR128W,89,CAG,3
YLR128W,142,CAG,0
YLR128W,166,CAG,3
YLR128W,168,CAG,3
YLR128W,82,ATA,0
YLR128W,123,ATA,0
YLR128W,144,ATA,1
YLR128W,145,ATA,0
YLR128W,122,ACT,0
YLR128W,140,ACT,2
YLR128W,151,ACT,0
YLR128W,41,ACC,0
YLR128W,121,ACC,3
YLR128W,127,ACC,0
YLR128W,3,AAT,8
YLR128W,72,AAT,2
YLR128W,78,AAT,1
YLR128W,68,AAC,0
YLR128W,124,AGT,0
YLR128W,70,GCT,1
YLR128W,110,GCA,2
YLR128W,152,GCA,1
YLR128W,6,GAT,0
YLR128W,53,GAT,0
YLR128W,81,GAT,0
YLR128W,83,GAT,2
YLR128W,106,GAT,3
YLR128W,117,GAT,1
YLR128W,147,GAT,1
YLR128W,159,GAT,0
YLR128W,167,GAT,1
YLR128W,29,GAC,3
YLR128W,44,GAC,0
YLR128W,59,GAC,0
YLR128W,76,GAC,0
YLR128W,85,GAC,0
YLR128W,126,GAC,3
YLR128W,149,GAC,0
YLR194C,135,TTT,2
YLR194C,6,TCT,2
YLR194C,15,TCT,0
YLR194C,58,TCT,6
YLR194C,79,TCT,4
YLR194C,106,TCT,3
YLR194C,117,TCT,3
YLR194C,130,TCT,9
YLR194C,61,TGG,15
YLR194C,62,TGG,7
YLR194C,64,CCG,37
YLR194C,86,CCG,3
YLR194C,17,CAG,10
YLR194C,45,ATA,1
YLR194C,140,ATA,15
YLR194C,11,ACT,4
YLR194C,13,ACT,2
YLR194C,44,ACT,4
YLR194C,47,ACT,0
YLR194C,55,ACT,5
YLR194C,59,ACT,5
YLR194C,69,ACT,12
YLR194C,95,ACT,0
YLR194C,99,ACT,0
YLR194C,102,ACT,4
YLR194C,113,ACT,3
YLR194C,138,ACT,0
YLR194C,19,ACC,4
YLR194C,27,ACC,0
YLR194C,48,ACC,0
YLR194C,90,ACC,1
YLR194C,101,ACC,1
YLR194C,112,ACC,4
YLR194C,131,ACC,5
YLR194C,50,AAT,36
YLR194C,129,AAT,13
YLR194C,132,AAT,3
YLR194C,5,AAC,8
YLR194C,28,AAC,0
YLR194C,71,AAC,3
YLR194C,120,AAC,22
YLR194C,76,AGT,4
YLR194C,8,GTA,2
YLR194C,46,GTA,1
YLR194C,92,GTA,4
YLR194C,93,GTA,0
YLR194C,108,GTA,12
YLR194C,123,GTA,7
YLR194C,126,GTA,2
YLR194C,73,GCT,12
YLR194C,141,GCT,4
YLR194C,30,GCA,1
YLR194C,146,GCA,14
YLR194C,40,GAC,15
YLR194C,70,GAC,5
YLR194C,20,GGA,3
YLR194C,25,GGA,5
YLR194C,81,GGA,5
YLR149C,31,TTT,0
YLR149C,104,TTT,0
YLR149C,115,TTT,0
YLR149C,135,TTT,0
YLR149C,138,TTT,0
YLR149C,167,TTT,0
YLR149C,190,TTT,0
YLR149C,225,TTT,0
YLR149C,247,TTT,1
YLR149C,251,TTT,0
YLR149C,258,TTT,0
YLR149C,262,TTT,0
YLR149C,294,TTT,0
YLR149C,382,TTT,0
YLR149C,414,TTT,0
YLR149C,428,TTT,0
YLR149C,507,TTT,0
YLR149C,537,TTT,1
YLR149C,540,TTT,0
YLR149C,556,TTT,0
YLR149C,569,TTT,0
YLR149C,4,TCT,3
YLR149C,8,TCT,0
YLR149C,51,TCT,1
YLR149C,58,TCT,0
YLR149C,173,TCT,0
YLR149C,184,TCT,0
YLR149C,187,TCT,0
YLR149C,215,TCT,0
YLR149C,250,TCT,0
YLR149C,310,TCT,0
YLR149C,376,TCT,2
YLR149C,386,TCT,0
YLR149C,429,TCT,0
YLR149C,463,TCT,0
YLR149C,478,TCT,0
YLR149C,498,TCT,1
YLR149C,526,TCT,0
YLR149C,625,TCT,0
YLR149C,35,TGT,0
YLR149C,45,TGT,0
YLR149C,124,TGT,0
YLR149C,297,TGT,0
YLR149C,446,TGT,0
YLR149C,630,TGT,0
YLR149C,60,TGG,1
YLR149C,98,TGG,0
YLR149C,212,TGG,0
YLR149C,395,TGG,0
YLR149C,594,TGG,1
YLR149C,614,TGG,0
YLR149C,619,TGG,0
YLR149C,541,CTC,0
YLR149C,33,CCG,0
YLR149C,72,CCG,0
YLR149C,77,CCG,0
YLR149C,409,CCG,0
YLR149C,415,CCG,0
YLR149C,550,CCG,0
YLR149C,65,CAA,0
YLR149C,76,CAA,0
YLR149C,107,CAA,0
YLR149C,148,CAA,0
YLR149C,179,CAA,0
YLR149C,195,CAA,1
YLR149C,201,CAA,1
YLR149C,257,CAA,0
YLR149C,263,CAA,0
YLR149C,328,CAA,0
YLR149C,370,CAA,0
YLR149C,400,CAA,0
YLR149C,410,CAA,0
YLR149C,489,CAA,0
YLR149C,501,CAA,0
YLR149C,119,CAG,1
YLR149C,134,CAG,0
YLR149C,313,CAG,0
YLR149C,500,CAG,0
YLR149C,578,CAG,0
YLR149C,88,ATA,0
YLR149C,222,ATA,0
YLR149C,237,ATA,0
YLR149C,341,ATA,0
YLR149C,396,ATA,0
YLR149C,496,ATA,0
YLR149C,589,ATA,0
YLR149C,43,ACT,0
YLR149C,114,ACT,0
YLR149C,266,ACT,0
YLR149C,277,ACT,1
YLR149C,285,ACT,0
YLR149C,397,ACT,0
YLR149C,455,ACT,0
YLR149C,481,ACT,0
YLR149C,577,ACT,0
YLR149C,199,ACC,0
YLR149C,353,ACC,0
YLR149C,391,ACC,0
YLR149C,459,ACC,0
YLR149C,18,AAT,0
YLR149C,40,AAT,0
YLR149C,59,AAT,0
YLR149C,68,AAT,0
YLR149C,79,AAT,0
YLR149C,83,AAT,0
YLR149C,89,AAT,0
YLR149C,94,AAT,0
YLR149C,96,AAT,1
YLR149C,106,AAT,0
YLR149C,122,AAT,0
YLR149C,123,AAT,0
YLR149C,142,AAT,0
YLR149C,153,AAT,0
YLR149C,170,AAT,0
YLR149C,188,AAT,1
YLR149C,194,AAT,0
YLR149C,196,AAT,0
YLR149C,208,AAT,0
YLR149C,217,AAT,0
YLR149C,242,AAT,1
YLR149C,264,AAT,0
YLR149C,337,AAT,0
YLR149C,347,AAT,0
YLR149C,349,AAT,0
YLR149C,351,AAT,0
YLR149C,355,AAT,0
YLR149C,356,AAT,0
YLR149C,363,AAT,0
YLR149C,367,AAT,1
YLR149C,389,AAT,0
YLR149C,464,AAT,0
YLR149C,466,AAT,0
YLR149C,485,AAT,0
YLR149C,490,AAT,1
YLR149C,504,AAT,0
YLR149C,517,AAT,0
YLR149C,555,AAT,0
YLR149C,559,AAT,0
YLR149C,562,AAT,0
YLR149C,563,AAT,0
YLR149C,568,AAT,2
YLR149C,588,AAT,1
YLR149C,599,AAT,0
YLR149C,615,AAT,0
YLR149C,30,AAC,0
YLR149C,61,AAC,0
YLR149C,141,AAC,1
YLR149C,171,AAC,0
YLR149C,200,AAC,0
YLR149C,236,AAC,0
YLR149C,249,AAC,0
YLR149C,254,AAC,0
YLR149C,274,AAC,0
YLR149C,291,AAC,0
YLR149C,323,AAC,0
YLR149C,326,AAC,0
YLR149C,342,AAC,0
YLR149C,357,AAC,0
YLR149C,358,AAC,0
YLR149C,360,AAC,0
YLR149C,423,AAC,0
YLR149C,465,AAC,0
YLR149C,468,AAC,0
YLR149C,581,AAC,0
YLR149C,587,AAC,1
YLR149C,617,AAC,0
YLR149C,85,AGT,0
YLR149C,132,AGT,0
YLR149C,152,AGT,0
YLR149C,214,AGT,0
YLR149C,283,AGT,0
YLR149C,300,AGT,0
YLR149C,362,AGT,0
YLR149C,422,AGT,0
YLR149C,433,AGT,1
YLR149C,436,AGT,0
YLR149C,470,AGT,1
YLR149C,503,AGT,0
YLR149C,539,AGT,0
YLR149C,560,AGT,0
YLR149C,580,AGT,0
YLR149C,623,AGT,0
YLR149C,626,AGT,0
YLR149C,27,GTA,0
YLR149C,151,GTA,0
YLR149C,156,GTA,1
YLR149C,182,GTA,0
YLR149C,261,GTA,1
YLR149C,316,GTA,0
YLR149C,319,GTA,0
YLR149C,390,GTA,1
YLR149C,438,GTA,0
YLR149C,450,GTA,0
YLR149C,453,GTA,0
YLR149C,64,GCT,0
YLR149C,172,GCT,0
YLR149C,191,GCT,0
YLR149C,240,GCT,0
YLR149C,276,GCT,0
YLR149C,399,GCT,0
YLR149C,439,GCT,0
YLR149C,475,GCT,1
YLR149C,476,GCT,0
YLR149C,502,GCT,0
YLR149C,515,GCT,0
YLR149C,536,GCT,0
YLR149C,557,GCT,0
YLR149C,67,GCA,0
YLR149C,139,GCA,0
YLR149C,268,GCA,0
YLR149C,280,GCA,0
YLR149C,293,GCA,0
YLR149C,457,GCA,0
YLR149C,469,GCA,0
YLR149C,480,GCA,1
YLR149C,487,GCA,0
YLR149C,534,GCA,0
YLR149C,558,GCA,0
YLR149C,620,GCA,0
YLR149C,52,GAT,0
YLR149C,53,GAT,0
YLR149C,66,GAT,0
YLR149C,136,GAT,0
YLR149C,143,GAT,0
YLR149C,150,GAT,0
YLR149C,155,GAT,0
YLR149C,164,GAT,0
YLR149C,177,GAT,2
YLR149C,186,GAT,0
YLR149C,207,GAT,0
YLR149C,229,GAT,2
YLR149C,271,GAT,0
YLR149C,304,GAT,0
YLR149C,305,GAT,2
YLR149C,320,GAT,0
YLR149C,334,GAT,0
YLR149C,364,GAT,1
YLR149C,373,GAT,0
YLR149C,419,GAT,0
YLR149C,461,GAT,0
YLR149C,477,GAT,0
YLR149C,505,GAT,0
YLR149C,509,GAT,0
YLR149C,510,GAT,0
YLR149C,518,GAT,0
YLR149C,552,GAT,0
YLR149C,553,GAT,1
YLR149C,593,GAT,0
YLR149C,597,GAT,0
YLR149C,608,GAT,0
YLR149C,110,GAC,0
YLR149C,129,GAC,0
YLR149C,244,GAC,0
YLR149C,255,GAC,0
YLR149C,437,GAC,0
YLR149C,493,GAC,0
YLR149C,528,GAC,0
YLR149C,548,GAC,0
YLR149C,554,GAC,0
YLR149C,628,GAC,0
YLR149C,55,GGA,3
YLR149C,610,GGA,0
YMR255W,60,TTT,18
YMR255W,6,TCT,1
YMR255W,28,TCT,3
YMR255W,85,TCT,1
YMR255W,69,TGG,17
YMR255W,21,CAA,4
YMR255W,45,CAA,1
YMR255W,52,CAA,3
YMR255W,54,CAA,3
YMR255W,55,CAA,3
YMR255W,80,CAA,3
YMR255W,24,CAG,0
YMR255W,40,CAG,2
YMR255W,53,CAG,1
YMR255W,5,ATA,15
YMR255W,43,ATA,3
YMR255W,88,ATA,1
YMR255W,17,ACT,9
YMR255W,47,ACT,1
YMR255W,18,ACC,6
YMR255W,26,ACC,4
YMR255W,84,ACC,1
YMR255W,51,AAT,1
YMR255W,62,AAC,10
YMR255W,68,AAC,5
YMR255W,27,GCT,1
YMR255W,2,GCA,3
YMR255W,25,GAT,0
YMR255W,59,GAT,8
YMR255W,63,GAT,10
YMR255W,72,GAT,7
YMR255W,73,GAT,14
YMR255W,71,GAC,4
YLR021W,63,TTT,0
YLR021W,68,TTT,6
YLR021W,72,TGT,1
YLR021W,50,TGG,9
YLR021W,34,CAA,3
YLR021W,38,CAA,0
YLR021W,56,CAA,2
YLR021W,15,CAG,6
YLR021W,43,ATA,2
YLR021W,49,ATA,2
YLR021W,61,AAT,2
YLR021W,36,AAC,4
YLR021W,4,AGT,2
YLR021W,47,AGT,12
YLR021W,9,GTA,14
YLR021W,12,GTA,0
YLR021W,14,GTA,2
YLR021W,58,GCT,0
YLR021W,52,GCA,2
YLR021W,78,GCA,4
YLR021W,3,GAT,4
YLR021W,6,GAT,6
YLR021W,60,GAT,1
YLR021W,62,GAT,4
YLR021W,75,GAT,0
YLR021W,35,GAC,2
YLR021W,59,GAC,3
YLR021W,2,GGA,10
YML121W,5,TTT,1
YML121W,22,TTT,0
YML121W,54,TTT,0
YML121W,56,TTT,3
YML121W,62,TTT,4
YML121W,96,TTT,5
YML121W,185,TTT,0
YML121W,208,TTT,6
YML121W,16,TCT,1
YML121W,51,TCT,0
YML121W,184,TGT,0
YML121W,67,TGG,0
YML121W,75,TGG,8
YML121W,140,CCG,1
YML121W,11,CAA,1
YML121W,41,CAA,0
YML121W,90,CAA,0
YML121W,195,CAA,0
YML121W,210,CAA,3
YML121W,32,CAG,10
YML121W,77,CAG,0
YML121W,155,CAG,1
YML121W,4,ATA,0
YML121W,60,ATA,0
YML121W,83,ATA,3
YML121W,116,ATA,3
YML121W,146,ATA,0
YML121W,149,ATA,0
YML121W,168,ATA,0
YML121W,186,ATA,3
YML121W,64,ACT,6
YML121W,112,ACT,2
YML121W,166,ACT,2
YML121W,58,AAT,1
YML121W,85,AAT,2
YML121W,92,AAT,0
YML121W,120,AAT,4
YML121W,123,AAT,0
YML121W,125,AAT,1
YML121W,127,AAT,1
YML121W,133,AAT,2
YML121W,134,AAT,8
YML121W,135,AAT,2
YML121W,148,AAT,0
YML121W,181,AAT,3
YML121W,192,AAT,1
YML121W,46,AAC,0
YML121W,88,AAC,1
YML121W,101,AAC,1
YML121W,152,AAC,1
YML121W,170,AAC,0
YML121W,171,AAC,1
YML121W,172,AAC,4
YML121W,201,AAC,2
YML121W,48,AGT,3
YML121W,70,AGT,8
YML121W,91,AGT,4
YML121W,119,AGT,8
YML121W,124,AGT,5
YML121W,130,AGT,1
YML121W,156,AGT,2
YML121W,79,GTA,1
YML121W,198,GTA,0
YML121W,8,GCT,2
YML121W,6,GCA,1
YML121W,74,GCA,0
YML121W,1,GAT,2
YML121W,29,GAT,0
YML121W,34,GAT,1
YML121W,68,GAT,0
YML121W,129,GAT,2
YML121W,132,GAT,3
YML121W,190,GAT,2
YML121W,18,GAC,2
YML121W,139,GAC,13
YML121W,163,GGA,0
YDL180W,4,TTT,0
YDL180W,42,TTT,0
YDL180W,60,TTT,0
YDL180W,208,TTT,0
YDL180W,232,TTT,0
YDL180W,235,TTT,0
YDL180W,280,TTT,0
YDL180W,324,TTT,0
YDL180W,331,TTT,3
YDL180W,424,TTT,3
YDL180W,437,TTT,1
YDL180W,31,TCT,0
YDL180W,124,TCT,0
YDL180W,133,TCT,0
YDL180W,207,TCT,0
YDL180W,305,TCT,0
YDL180W,423,TCT,0
YDL180W,431,TCT,1
YDL180W,30,TGT,0
YDL180W,84,TGT,3
YDL180W,97,TGT,6
YDL180W,116,TGT,1
YDL180W,32,TGG,1
YDL180W,46,TGG,2
YDL180W,212,TGG,0
YDL180W,323,TGG,5
YDL180W,415,TGG,4
YDL180W,432,TGG,1
YDL180W,309,CTC,2
YDL180W,228,CCG,0
YDL180W,370,CCG,0
YDL180W,18,CAA,0
YDL180W,38,CAA,0
YDL180W,63,CAA,0
YDL180W,154,CAA,0
YDL180W,220,CAA,0
YDL180W,347,CAA,0
YDL180W,350,CAA,0
YDL180W,16,CAG,0
YDL180W,77,CAG,0
YDL180W,153,CAG,7
YDL180W,161,CAG,0
YDL180W,169,CAG,0
YDL180W,201,CAG,0
YDL180W,240,CAG,1
YDL180W,328,CAG,0
YDL180W,379,CAG,0
YDL180W,8,ATA,3
YDL180W,44,ATA,0
YDL180W,53,ATA,0
YDL180W,55,ATA,0
YDL180W,56,ATA,0
YDL180W,126,ATA,1
YDL180W,151,ATA,0
YDL180W,197,ATA,0
YDL180W,229,ATA,2
YDL180W,249,ATA,2
YDL180W,300,ATA,0
YDL180W,304,ATA,0
YDL180W,314,ATA,0
YDL180W,366,ATA,0
YDL180W,441,ATA,0
YDL180W,447,ATA,2
YDL180W,82,ACT,1
YDL180W,147,ACT,1
YDL180W,187,ACT,0
YDL180W,222,ACT,0
YDL180W,223,ACT,0
YDL180W,281,ACT,0
YDL180W,312,ACT,0
YDL180W,338,ACT,0
YDL180W,52,ACC,0
YDL180W,243,ACC,1
YDL180W,291,ACC,0
YDL180W,399,ACC,0
YDL180W,58,AAT,1
YDL180W,71,AAT,0
YDL180W,86,AAT,0
YDL180W,87,AAT,1
YDL180W,121,AAT,0
YDL180W,128,AAT,0
YDL180W,158,AAT,1
YDL180W,167,AAT,3
YDL180W,181,AAT,3
YDL180W,216,AAT,1
YDL180W,218,AAT,0
YDL180W,221,AAT,0
YDL180W,255,AAT,0
YDL180W,294,AAT,0
YDL180W,325,AAT,3
YDL180W,326,AAT,2
YDL180W,337,AAT,3
YDL180W,346,AAT,0
YDL180W,356,AAT,1
YDL180W,367,AAT,4
YDL180W,376,AAT,0
YDL180W,383,AAT,0
YDL180W,392,AAT,1
YDL180W,414,AAT,5
YDL180W,421,AAT,0
YDL180W,1,AAC,0
YDL180W,61,AAC,0
YDL180W,69,AAC,3
YDL180W,81,AAC,0
YDL180W,85,AAC,0
YDL180W,92,AAC,2
YDL180W,104,AAC,0
YDL180W,129,AAC,2
YDL180W,177,AAC,0
YDL180W,285,AAC,5
YDL180W,307,AAC,0
YDL180W,311,AAC,0
YDL180W,400,AAC,0
YDL180W,72,AGT,0
YDL180W,98,AGT,3
YDL180W,109,AGT,3
YDL180W,194,AGT,1
YDL180W,254,AGT,0
YDL180W,340,AGT,4
YDL180W,354,AGT,0
YDL180W,362,AGT,0
YDL180W,390,AGT,3
YDL180W,433,AGT,1
YDL180W,106,GTA,1
YDL180W,119,GTA,0
YDL180W,130,GTA,0
YDL180W,164,GTA,0
YDL180W,251,GTA,1
YDL180W,299,GTA,0
YDL180W,343,GTA,1
YDL180W,365,GTA,2
YDL180W,425,GTA,0
YDL180W,428,GTA,2
YDL180W,438,GTA,0
YDL180W,344,GCT,5
YDL180W,355,GCT,2
YDL180W,403,GCT,0
YDL180W,417,GCT,0
YDL180W,213,GCA,0
YDL180W,234,GCA,0
YDL180W,238,GCA,2
YDL180W,419,GCA,1
YDL180W,19,GAT,0
YDL180W,67,GAT,1
YDL180W,88,GAT,2
YDL180W,93,GAT,4
YDL180W,110,GAT,0
YDL180W,166,GAT,2
YDL180W,171,GAT,0
YDL180W,189,GAT,0
YDL180W,192,GAT,0
YDL180W,322,GAT,3
YDL180W,361,GAT,1
YDL180W,364,GAT,6
YDL180W,394,GAT,0
YDL180W,395,GAT,0
YDL180W,396,GAT,0
YDL180W,397,GAT,1
YDL180W,422,GAT,0
YDL180W,2,GAC,2
YDL180W,94,GAC,1
YDL180W,107,GAC,0
YDL180W,122,GAC,1
YDL180W,170,GAC,0
YDL180W,180,GAC,0
YDL180W,198,GAC,0
YDL180W,321,GAC,0
YDL180W,333,GAC,1
YDL180W,334,GAC,2
YDL180W,335,GAC,0
YDL180W,401,GAC,2
YDL180W,278,GGA,0
YDL180W,427,GGA,0
YDL180W,440,GGA,0
YJR055W,51,TTT,3
YJR055W,18,TCT,0
YJR055W,26,CAA,1
YJR055W,53,CAG,7
YJR055W,42,ATA,3
YJR055W,12,ACT,3
YJR055W,32,AAT,4
YJR055W,35,AAT,0
YJR055W,45,AAT,1
YJR055W,60,AAT,1
YJR055W,14,AAC,0
YJR055W,22,AAC,1
YJR055W,11,AGT,0
YJR055W,17,AGT,3
YJR055W,31,GTA,0
YJR055W,30,GCT,3
YJR055W,3,GCA,0
YJR055W,47,GCA,2
YJR055W,15,GAT,2
YJR055W,24,GAT,2
YJR055W,57,GAT,3
YJR055W,16,GGA,11
YJR055W,19,GGA,7
YML099C,36,TTT,2
YML099C,39,TTT,0
YML099C,83,TTT,0
YML099C,183,TTT,0
YML099C,295,TTT,0
YML099C,301,TTT,0
YML099C,372,TTT,0
YML099C,386,TTT,2
YML099C,458,TTT,0
YML099C,512,TTT,0
YML099C,549,TTT,0
YML099C,591,TTT,0
YML099C,615,TTT,0
YML099C,660,TTT,0
YML099C,669,TTT,0
YML099C,679,TTT,0
YML099C,728,TTT,0
YML099C,69,TCT,0
YML099C,73,TCT,0
YML099C,74,TCT,0
YML099C,77,TCT,0
YML099C,78,TCT,0
YML099C,104,TCT,0
YML099C,165,TCT,0
YML099C,217,TCT,0
YML099C,240,TCT,0
YML099C,244,TCT,0
YML099C,354,TCT,0
YML099C,410,TCT,0
YML099C,413,TCT,0
YML099C,446,TCT,0
YML099C,493,TCT,0
YML099C,539,TCT,0
YML099C,542,TCT,0
YML099C,561,TCT,0
YML099C,564,TCT,0
YML099C,768,TCT,0
YML099C,181,TGT,1
YML099C,390,TGT,0
YML099C,431,TGT,0
YML099C,594,TGT,0
YML099C,717,TGT,1
YML099C,31,TGG,0
YML099C,120,TGG,0
YML099C,130,TGG,0
YML099C,318,TGG,2
YML099C,418,TGG,0
YML099C,629,TGG,0
YML099C,633,TGG,0
YML099C,710,TGG,1
YML099C,731,TGG,0
YML099C,744,TGG,0
YML099C,754,TGG,1
YML099C,766,TGG,0
YML099C,773,TGG,0
YML099C,103,CTC,0
YML099C,135,CTC,0
YML099C,212,CTC,0
YML099C,267,CTC,1
YML099C,313,CTC,0
YML099C,516,CTC,0
YML099C,580,CTC,1
YML099C,618,CTC,0
YML099C,762,CCG,0
YML099C,157,CAA,0
YML099C,188,CAA,0
YML099C,207,CAA,2
YML099C,226,CAA,0
YML099C,338,CAA,2
YML099C,359,CAA,0
YML099C,369,CAA,0
YML099C,382,CAA,0
YML099C,463,CAA,0
YML099C,637,CAA,0
YML099C,678,CAA,0
YML099C,681,CAA,0
YML099C,700,CAA,0
YML099C,711,CAA,0
YML099C,726,CAA,2
YML099C,748,CAA,0
YML099C,48,CAG,1
YML099C,147,CAG,1
YML099C,155,CAG,0
YML099C,206,CAG,0
YML099C,214,CAG,1
YML099C,425,CAG,0
YML099C,508,CAG,0
YML099C,725,CAG,0
YML099C,25,ATA,0
YML099C,33,ATA,0
YML099C,125,ATA,0
YML099C,249,ATA,1
YML099C,282,ATA,0
YML099C,397,ATA,1
YML099C,523,ATA,0
YML099C,552,ATA,0
YML099C,563,ATA,0
YML099C,574,ATA,0
YML099C,588,ATA,0
YML099C,597,ATA,0
YML099C,646,ATA,0
YML099C,19,ACT,0
YML099C,80,ACT,0
YML099C,192,ACT,0
YML099C,250,ACT,0
YML099C,406,ACT,0
YML099C,466,ACT,0
YML099C,496,ACT,0
YML099C,540,ACT,0
YML099C,545,ACT,0
YML099C,570,ACT,0
YML099C,607,ACT,0
YML099C,145,ACC,0
YML099C,288,ACC,0
YML099C,451,ACC,0
YML099C,497,ACC,0
YML099C,544,ACC,0
YML099C,550,ACC,0
YML099C,56,AAT,0
YML099C,94,AAT,0
YML099C,106,AAT,0
YML099C,114,AAT,0
YML099C,122,AAT,0
YML099C,124,AAT,1
YML099C,166,AAT,0
YML099C,175,AAT,0
YML099C,187,AAT,2
YML099C,195,AAT,0
YML099C,201,AAT,0
YML099C,235,AAT,0
YML099C,247,AAT,0
YML099C,255,AAT,0
YML099C,298,AAT,0
YML099C,302,AAT,0
YML099C,303,AAT,0
YML099C,344,AAT,0
YML099C,348,AAT,0
YML099C,381,AAT,0
YML099C,444,AAT,0
YML099C,486,AAT,1
YML099C,517,AAT,0
YML099C,519,AAT,0
YML099C,559,AAT,0
YML099C,585,AAT,0
YML099C,601,AAT,0
YML099C,605,AAT,0
YML099C,616,AAT,0
YML099C,621,AAT,0
YML099C,639,AAT,0
YML099C,676,AAT,0
YML099C,692,AAT,0
YML099C,765,AAT,3
YML099C,776,AAT,0
YML099C,28,AAC,1
YML099C,121,AAC,0
YML099C,164,AAC,1
YML099C,208,AAC,0
YML099C,216,AAC,0
YML099C,219,AAC,0
YML099C,316,AAC,1
YML099C,341,AAC,0
YML099C,365,AAC,0
YML099C,385,AAC,1
YML099C,392,AAC,0
YML099C,412,AAC,2
YML099C,494,AAC,0
YML099C,534,AAC,0
YML099C,551,AAC,0
YML099C,573,AAC,0
YML099C,634,AAC,0
YML099C,647,AAC,1
YML099C,682,AAC,0
YML099C,723,AAC,0
YML099C,133,AGT,3
YML099C,169,AGT,0
YML099C,199,AGT,0
YML099C,220,AGT,0
YML099C,272,AGT,0
YML099C,481,AGT,1
YML099C,498,AGT,0
YML099C,500,AGT,0
YML099C,556,AGT,2
YML099C,663,AGT,0
YML099C,674,AGT,0
YML099C,738,AGT,2
YML099C,98,GTA,0
YML099C,279,GTA,0
YML099C,289,GTA,0
YML099C,404,GTA,0
YML099C,417,GTA,0
YML099C,535,GTA,0
YML099C,567,GTA,1
YML099C,611,GTA,0
YML099C,687,GTA,0
YML099C,749,GTA,0
YML099C,50,GCT,0
YML099C,68,GCT,0
YML099C,105,GCT,0
YML099C,185,GCT,1
YML099C,252,GCT,1
YML099C,349,GCT,0
YML099C,352,GCT,1
YML099C,429,GCT,0
YML099C,495,GCT,0
YML099C,537,GCT,0
YML099C,650,GCT,0
YML099C,718,GCT,0
YML099C,736,GCT,0
YML099C,139,GCA,0
YML099C,197,GCA,0
YML099C,227,GCA,2
YML099C,243,GCA,0
YML099C,305,GCA,0
YML099C,329,GCA,0
YML099C,422,GCA,0
YML099C,473,GCA,1
YML099C,515,GCA,1
YML099C,553,GCA,0
YML099C,652,GCA,0
YML099C,672,GCA,0
YML099C,693,GCA,0
YML099C,715,GCA,0
YML099C,732,GCA,3
YML099C,1,GAT,1
YML099C,9,GAT,1
YML099C,11,GAT,0
YML099C,12,GAT,4
YML099C,27,GAT,1
YML099C,43,GAT,0
YML099C,107,GAT,6
YML099C,117,GAT,0
YML099C,137,GAT,0
YML099C,138,GAT,2
YML099C,186,GAT,0
YML099C,202,GAT,0
YML099C,231,GAT,0
YML099C,245,GAT,0
YML099C,280,GAT,0
YML099C,306,GAT,0
YML099C,332,GAT,1
YML099C,415,GAT,0
YML099C,423,GAT,0
YML099C,426,GAT,0
YML099C,464,GAT,0
YML099C,469,GAT,0
YML099C,484,GAT,1
YML099C,485,GAT,0
YML099C,491,GAT,0
YML099C,562,GAT,0
YML099C,571,GAT,0
YML099C,578,GAT,0
YML099C,689,GAT,0
YML099C,699,GAT,1
YML099C,721,GAT,0
YML099C,760,GAT,0
YML099C,764,GAT,2
YML099C,772,GAT,1
YML099C,46,GAC,0
YML099C,90,GAC,0
YML099C,119,GAC,0
YML099C,224,GAC,2
YML099C,230,GAC,0
YML099C,273,GAC,0
YML099C,286,GAC,0
YML099C,403,GAC,1
YML099C,433,GAC,1
YML099C,505,GAC,0
YML099C,520,GAC,0
YML099C,538,GAC,0
YML099C,593,GAC,0
YML099C,41,GGA,5
YML099C,148,GGA,0
YML099C,152,GGA,1
YML099C,180,GGA,1
YML099C,337,GGA,0
YML099C,582,GGA,2
YML099C,642,GGA,0
YML099C,716,GGA,0
YML099C,739,GGA,1
YML099C,745,GGA,0
YKL122C,51,TCT,12
YKL122C,37,CCG,91
YKL122C,9,CAA,7
YKL122C,39,CAA,15
YKL122C,45,CAA,7
YKL122C,3,ATA,17
YKL122C,33,ACT,8
YKL122C,16,ACC,4
YKL122C,42,AAT,0
YKL122C,46,AAT,39
YKL122C,48,AAT,35
YKL122C,59,AAT,66
YKL122C,20,AAC,5
YKL122C,47,AAC,43
YKL122C,50,AAC,30
YKL122C,61,AAC,6
YKL122C,30,GCT,5
YKL122C,34,GCT,11
YKL122C,41,GCT,14
YKL122C,43,GCT,0
YKL122C,53,GCT,51
YKL122C,52,GCA,62
YKL122C,22,GAT,19
YKL122C,27,GAT,18
YKL122C,10,GAC,29
YML123C,20,TTT,144
YML123C,22,TTT,70
YML123C,89,TTT,40
YML123C,103,TTT,26
YML123C,238,TTT,81
YML123C,255,TTT,47
YML123C,368,TTT,37
YML123C,12,TCT,37
YML123C,55,TCT,41
YML123C,82,TCT,20
YML123C,83,TCT,6
YML123C,87,TCT,11
YML123C,133,TCT,81
YML123C,173,TCT,74
YML123C,216,TCT,15
YML123C,221,TCT,29
YML123C,381,TCT,63
YML123C,387,TCT,26
YML123C,390,TCT,59
YML123C,477,TCT,11
YML123C,481,TCT,42
YML123C,45,TGT,19
YML123C,137,TGT,94
YML123C,141,TGT,92
YML123C,145,TGT,120
YML123C,163,TGT,18
YML123C,299,TGT,45
YML123C,334,TGT,63
YML123C,355,TGT,9
YML123C,374,TGT,79
YML123C,410,TGT,70
YML123C,419,TGT,0
YML123C,94,TGG,65
YML123C,108,TGG,69
YML123C,149,TGG,34
YML123C,241,TGG,43
YML123C,254,TGG,167
YML123C,307,TGG,24
YML123C,420,TGG,40
YML123C,4,CAA,102
YML123C,19,CAA,41
YML123C,49,CAA,21
YML123C,106,CAA,54
YML123C,110,CAA,147
YML123C,142,CAA,107
YML123C,147,CAA,25
YML123C,177,CAA,34
YML123C,191,CAA,26
YML123C,193,CAA,16
YML123C,240,CAA,38
YML123C,273,CAA,25
YML123C,322,CAA,8
YML123C,356,CAA,24
YML123C,359,CAA,32
YML123C,399,CAA,8
YML123C,482,CAA,37
YML123C,484,CAA,12
YML123C,315,ATA,17
YML123C,11,ACT,146
YML123C,15,ACT,89
YML123C,24,ACT,30
YML123C,51,ACT,26
YML123C,86,ACT,10
YML123C,91,ACT,110
YML123C,169,ACT,19
YML123C,217,ACT,35
YML123C,250,ACT,57
YML123C,290,ACT,66
YML123C,312,ACT,23
YML123C,377,ACT,53
YML123C,382,ACT,134
YML123C,404,ACT,31
YML123C,445,ACT,145
YML123C,449,ACT,114
YML123C,5,ACC,119
YML123C,46,ACC,13
YML123C,50,ACC,43
YML123C,92,ACC,51
YML123C,157,ACC,48
YML123C,202,ACC,49
YML123C,256,ACC,36
YML123C,274,ACC,30
YML123C,330,ACC,4
YML123C,366,ACC,48
YML123C,367,ACC,21
YML123C,400,ACC,33
YML123C,417,ACC,193
YML123C,439,ACC,91
YML123C,224,AAT,19
YML123C,294,AAT,110
YML123C,472,AAT,42
YML123C,473,AAT,101
YML123C,59,AAC,49
YML123C,105,AAC,98
YML123C,132,AAC,31
YML123C,181,AAC,66
YML123C,210,AAC,46
YML123C,267,AAC,69
YML123C,282,AAC,133
YML123C,360,AAC,44
YML123C,364,AAC,56
YML123C,409,AAC,155
YML123C,418,AAC,36
YML123C,454,AAC,16
YML123C,467,AAC,41
YML123C,470,AAC,48
YML123C,3,AGT,285
YML123C,203,AGT,65
YML123C,265,AGT,92
YML123C,268,AGT,110
YML123C,308,GTA,10
YML123C,26,GCT,106
YML123C,53,GCT,25
YML123C,57,GCT,36
YML123C,62,GCT,7
YML123C,101,GCT,35
YML123C,104,GCT,102
YML123C,107,GCT,30
YML123C,117,GCT,17
YML123C,122,GCT,91
YML123C,123,GCT,54
YML123C,135,GCT,66
YML123C,139,GCT,36
YML123C,144,GCT,49
YML123C,182,GCT,74
YML123C,187,GCT,27
YML123C,188,GCT,29
YML123C,215,GCT,139
YML123C,229,GCT,107
YML123C,251,GCT,94
YML123C,260,GCT,84
YML123C,269,GCT,63
YML123C,291,GCT,19
YML123C,300,GCT,74
YML123C,331,GCT,74
YML123C,350,GCT,20
YML123C,383,GCT,57
YML123C,388,GCT,37
YML123C,401,GCT,17
YML123C,411,GCT,82
YML123C,464,GCT,266
YML123C,131,GCA,161
YML123C,162,GCA,45
YML123C,190,GCA,18
YML123C,208,GCA,291
YML123C,339,GCA,100
YML123C,389,GCA,112
YML123C,398,GCA,5
YML123C,487,GCA,43
YML123C,27,GAT,114
YML123C,138,GAT,112
YML123C,179,GAT,18
YML123C,194,GAT,14
YML123C,204,GAT,122
YML123C,233,GAT,43
YML123C,258,GAT,16
YML123C,289,GAT,49
YML123C,314,GAT,103
YML123C,459,GAT,51
YML123C,462,GAT,155
YML123C,78,GAC,127
YML123C,146,GAC,187
YML123C,201,GAC,57
YML123C,206,GAC,90
YML123C,223,GAC,15
YML123C,345,GAC,54
YML123C,407,GAC,97
YML123C,413,GAC,11
YML123C,474,GAC,63
YNR031C,182,TTT,3
YNR031C,189,TTT,2
YNR031C,218,TTT,0
YNR031C,222,TTT,0
YNR031C,287,TTT,1
YNR031C,322,TTT,0
YNR031C,349,TTT,0
YNR031C,357,TTT,0
YNR031C,363,TTT,0
YNR031C,425,TTT,0
YNR031C,427,TTT,0
YNR031C,470,TTT,0
YNR031C,484,TTT,1
YNR031C,490,TTT,0
YNR031C,501,TTT,0
YNR031C,524,TTT,1
YNR031C,528,TTT,0
YNR031C,562,TTT,0
YNR031C,584,TTT,1
YNR031C,585,TTT,0
YNR031C,593,TTT,0
YNR031C,604,TTT,1
YNR031C,636,TTT,1
YNR031C,654,TTT,1
YNR031C,714,TTT,0
YNR031C,717,TTT,1
YNR031C,738,TTT,0
YNR031C,817,TTT,1
YNR031C,842,TTT,0
YNR031C,852,TTT,0
YNR031C,986,TTT,1
YNR031C,990,TTT,0
YNR031C,994,TTT,0
YNR031C,1035,TTT,1
YNR031C,1062,TTT,0
YNR031C,1080,TTT,0
YNR031C,1107,TTT,0
YNR031C,1171,TTT,4
YNR031C,1177,TTT,0
YNR031C,1243,TTT,0
YNR031C,1300,TTT,0
YNR031C,1309,TTT,0
YNR031C,1434,TTT,0
YNR031C,1466,TTT,0
YNR031C,4,TCT,0
YNR031C,13,TCT,3
YNR031C,31,TCT,5
YNR031C,36,TCT,3
YNR031C,134,TCT,0
YNR031C,294,TCT,0
YNR031C,345,TCT,0
YNR031C,352,TCT,1
YNR031C,516,TCT,0
YNR031C,542,TCT,1
YNR031C,578,TCT,0
YNR031C,623,TCT,0
YNR031C,830,TCT,3
YNR031C,861,TCT,2
YNR031C,925,TCT,0
YNR031C,930,TCT,1
YNR031C,936,TCT,2
YNR031C,1063,TCT,0
YNR031C,1064,TCT,0
YNR031C,1078,TCT,0
YNR031C,1154,TCT,0
YNR031C,1157,TCT,0
YNR031C,1163,TCT,0
YNR031C,1182,TCT,0
YNR031C,1342,TCT,1
YNR031C,1372,TCT,0
YNR031C,1429,TCT,1
YNR031C,1470,TCT,0
YNR031C,1472,TCT,0
YNR031C,257,TGT,0
YNR031C,467,TGT,0
YNR031C,580,TGT,0
YNR031C,762,TGT,0
YNR031C,778,TGT,0
YNR031C,918,TGT,3
YNR031C,1027,TGT,0
YNR031C,1038,TGT,1
YNR031C,1247,TGT,0
YNR031C,1438,TGT,1
YNR031C,247,TGG,5
YNR031C,264,TGG,1
YNR031C,289,TGG,0
YNR031C,327,TGG,1
YNR031C,333,TGG,2
YNR031C,392,TGG,1
YNR031C,420,TGG,2
YNR031C,437,TGG,0
YNR031C,495,TGG,3
YNR031C,510,TGG,1
YNR031C,583,TGG,0
YNR031C,633,TGG,0
YNR031C,688,TGG,0
YNR031C,800,TGG,2
YNR031C,876,TGG,0
YNR031C,1019,TGG,0
YNR031C,1037,TGG,1
YNR031C,1052,TGG,1
YNR031C,1166,TGG,4
YNR031C,1384,TGG,5
YNR031C,1400,TGG,0
YNR031C,1407,TGG,1
YNR031C,1457,TGG,2
YNR031C,145,CTC,0
YNR031C,703,CTC,1
YNR031C,33,CCG,1
YNR031C,256,CCG,0
YNR031C,676,CCG,0
YNR031C,840,CCG,0
YNR031C,870,CCG,1
YNR031C,1029,CCG,2
YNR031C,38,CAA,2
YNR031C,66,CAA,0
YNR031C,96,CAA,1
YNR031C,101,CAA,1
YNR031C,112,CAA,0
YNR031C,132,CAA,0
YNR031C,151,CAA,1
YNR031C,255,CAA,3
YNR031C,279,CAA,0
YNR031C,290,CAA,0
YNR031C,312,CAA,0
YNR031C,358,CAA,0
YNR031C,473,CAA,2
YNR031C,485,CAA,0
YNR031C,507,CAA,0
YNR031C,520,CAA,0
YNR031C,557,CAA,0
YNR031C,571,CAA,0
YNR031C,673,CAA,1
YNR031C,691,CAA,2
YNR031C,715,CAA,0
YNR031C,731,CAA,1
YNR031C,748,CAA,4
YNR031C,871,CAA,2
YNR031C,908,CAA,0
YNR031C,917,CAA,7
YNR031C,922,CAA,2
YNR031C,946,CAA,0
YNR031C,1032,CAA,3
YNR031C,1061,CAA,1
YNR031C,1067,CAA,0
YNR031C,1095,CAA,0
YNR031C,1096,CAA,0
YNR031C,1114,CAA,0
YNR031C,1122,CAA,0
YNR031C,1137,CAA,0
YNR031C,1167,CAA,0
YNR031C,1200,CAA,0
YNR031C,1206,CAA,0
YNR031C,1268,CAA,0
YNR031C,1273,CAA,1
YNR031C,1420,CAA,0
YNR031C,1441,CAA,0
YNR031C,1460,CAA,0
YNR031C,29,CAG,3
YNR031C,30,CAG,7
YNR031C,123,CAG,0
YNR031C,157,CAG,3
YNR031C,321,CAG,0
YNR031C,342,CAG,0
YNR031C,548,CAG,0
YNR031C,672,CAG,0
YNR031C,827,CAG,0
YNR031C,923,CAG,3
YNR031C,77,ATA,0
YNR031C,176,ATA,0
YNR031C,259,ATA,2
YNR031C,267,ATA,1
YNR031C,414,ATA,1
YNR031C,438,ATA,1
YNR031C,483,ATA,1
YNR031C,488,ATA,0
YNR031C,536,ATA,0
YNR031C,537,ATA,0
YNR031C,547,ATA,0
YNR031C,612,ATA,0
YNR031C,692,ATA,1
YNR031C,695,ATA,0
YNR031C,722,ATA,1
YNR031C,740,ATA,0
YNR031C,903,ATA,0
YNR031C,924,ATA,3
YNR031C,948,ATA,0
YNR031C,1008,ATA,0
YNR031C,1009,ATA,0
YNR031C,1054,ATA,1
YNR031C,1082,ATA,0
YNR031C,1083,ATA,0
YNR031C,1088,ATA,0
YNR031C,1124,ATA,1
YNR031C,1131,ATA,3
YNR031C,1159,ATA,0
YNR031C,1208,ATA,0
YNR031C,1221,ATA,1
YNR031C,1227,ATA,0
YNR031C,1464,ATA,0
YNR031C,37,ACT,0
YNR031C,102,ACT,0
YNR031C,121,ACT,1
YNR031C,173,ACT,2
YNR031C,320,ACT,2
YNR031C,353,ACT,0
YNR031C,377,ACT,3
YNR031C,405,ACT,0
YNR031C,416,ACT,0
YNR031C,429,ACT,0
YNR031C,447,ACT,1
YNR031C,465,ACT,0
YNR031C,509,ACT,0
YNR031C,575,ACT,0
YNR031C,622,ACT,0
YNR031C,675,ACT,0
YNR031C,751,ACT,0
YNR031C,869,ACT,0
YNR031C,1030,ACT,1
YNR031C,1138,ACT,0
YNR031C,1176,ACT,4
YNR031C,1267,ACT,0
YNR031C,1271,ACT,0
YNR031C,1320,ACT,0
YNR031C,1360,ACT,3
YNR031C,1370,ACT,0
YNR031C,1395,ACT,0
YNR031C,1423,ACT,0
YNR031C,1475,ACT,0
YNR031C,72,ACC,0
YNR031C,109,ACC,1
YNR031C,338,ACC,3
YNR031C,448,ACC,1
YNR031C,453,ACC,1
YNR031C,454,ACC,0
YNR031C,551,ACC,2
YNR031C,596,ACC,0
YNR031C,707,ACC,0
YNR031C,815,ACC,0
YNR031C,825,ACC,0
YNR031C,826,ACC,2
YNR031C,968,ACC,2
YNR031C,1339,ACC,0
YNR031C,1373,ACC,0
YNR031C,1374,ACC,0
YNR031C,1418,ACC,1
YNR031C,1,AAT,0
YNR031C,19,AAT,0
YNR031C,27,AAT,1
YNR031C,63,AAT,3
YNR031C,65,AAT,1
YNR031C,85,AAT,1
YNR031C,88,AAT,0
YNR031C,97,AAT,1
YNR031C,114,AAT,2
YNR031C,129,AAT,1
YNR031C,155,AAT,0
YNR031C,168,AAT,0
YNR031C,188,AAT,2
YNR031C,217,AAT,0
YNR031C,221,AAT,0
YNR031C,229,AAT,0
YNR031C,230,AAT,4
YNR031C,232,AAT,1
YNR031C,239,AAT,3
YNR031C,253,AAT,1
YNR031C,280,AAT,2
YNR031C,304,AAT,0
YNR031C,311,AAT,0
YNR031C,319,AAT,2
YNR031C,335,AAT,0
YNR031C,368,AAT,1
YNR031C,390,AAT,0
YNR031C,412,AAT,0
YNR031C,418,AAT,1
YNR031C,422,AAT,0
YNR031C,430,AAT,0
YNR031C,441,AAT,0
YNR031C,456,AAT,3
YNR031C,466,AAT,1
YNR031C,511,AAT,1
YNR031C,514,AAT,1
YNR031C,549,AAT,1
YNR031C,581,AAT,2
YNR031C,681,AAT,0
YNR031C,704,AAT,0
YNR031C,708,AAT,0
YNR031C,716,AAT,0
YNR031C,749,AAT,0
YNR031C,773,AAT,6
YNR031C,787,AAT,5
YNR031C,794,AAT,0
YNR031C,799,AAT,0
YNR031C,812,AAT,2
YNR031C,834,AAT,0
YNR031C,837,AAT,1
YNR031C,882,AAT,1
YNR031C,901,AAT,0
YNR031C,949,AAT,1
YNR031C,977,AAT,0
YNR031C,981,AAT,0
YNR031C,982,AAT,0
YNR031C,998,AAT,0
YNR031C,1002,AAT,1
YNR031C,1094,AAT,0
YNR031C,1100,AAT,4
YNR031C,1116,AAT,1
YNR031C,1134,AAT,0
YNR031C,1188,AAT,1
YNR031C,1198,AAT,1
YNR031C,1226,AAT,0
YNR031C,1301,AAT,1
YNR031C,1317,AAT,0
YNR031C,1318,AAT,0
YNR031C,1349,AAT,0
YNR031C,1352,AAT,0
YNR031C,1405,AAT,3
YNR031C,100,AAC,0
YNR031C,104,AAC,1
YNR031C,165,AAC,1
YNR031C,181,AAC,1
YNR031C,191,AAC,0
YNR031C,214,AAC,2
YNR031C,252,AAC,1
YNR031C,284,AAC,0
YNR031C,285,AAC,2
YNR031C,343,AAC,2
YNR031C,394,AAC,0
YNR031C,426,AAC,0
YNR031C,452,AAC,0
YNR031C,618,AAC,1
YNR031C,638,AAC,0
YNR031C,674,AAC,0
YNR031C,726,AAC,0
YNR031C,788,AAC,0
YNR031C,801,AAC,2
YNR031C,803,AAC,6
YNR031C,822,AAC,0
YNR031C,832,AAC,0
YNR031C,844,AAC,0
YNR031C,860,AAC,4
YNR031C,886,AAC,1
YNR031C,895,AAC,1
YNR031C,943,AAC,1
YNR031C,944,AAC,3
YNR031C,962,AAC,1
YNR031C,993,AAC,0
YNR031C,1001,AAC,0
YNR031C,1053,AAC,0
YNR031C,1149,AAC,1
YNR031C,1161,AAC,0
YNR031C,1170,AAC,0
YNR031C,1223,AAC,2
YNR031C,1241,AAC,0
YNR031C,1295,AAC,0
YNR031C,1326,AAC,0
YNR031C,1330,AAC,0
YNR031C,1350,AAC,0
YNR031C,1402,AAC,0
YNR031C,1442,AAC,0
YNR031C,14,AGT,0
YNR031C,49,AGT,3
YNR031C,64,AGT,2
YNR031C,118,AGT,3
YNR031C,190,AGT,4
YNR031C,419,AGT,1
YNR031C,563,AGT,1
YNR031C,615,AGT,0
YNR031C,789,AGT,1
YNR031C,911,AGT,2
YNR031C,958,AGT,0
YNR031C,974,AGT,1
YNR031C,1016,AGT,0
YNR031C,1123,AGT,1
YNR031C,1145,AGT,2
YNR031C,1217,AGT,0
YNR031C,1324,AGT,0
YNR031C,1448,AGT,1
YNR031C,42,GTA,1
YNR031C,135,GTA,0
YNR031C,153,GTA,0
YNR031C,207,GTA,2
YNR031C,296,GTA,1
YNR031C,356,GTA,0
YNR031C,382,GTA,0
YNR031C,533,GTA,0
YNR031C,865,GTA,0
YNR031C,867,GTA,0
YNR031C,898,GTA,0
YNR031C,973,GTA,1
YNR031C,1034,GTA,1
YNR031C,1049,GTA,0
YNR031C,1121,GTA,1
YNR031C,1141,GTA,0
YNR031C,1180,GTA,0
YNR031C,1390,GTA,0
YNR031C,1459,GTA,3
YNR031C,48,GCT,0
YNR031C,60,GCT,0
YNR031C,82,GCT,3
YNR031C,167,GCT,6
YNR031C,371,GCT,1
YNR031C,374,GCT,0
YNR031C,400,GCT,0
YNR031C,577,GCT,0
YNR031C,667,GCT,0
YNR031C,683,GCT,0
YNR031C,684,GCT,1
YNR031C,685,GCT,1
YNR031C,795,GCT,0
YNR031C,1024,GCT,2
YNR031C,1056,GCT,0
YNR031C,1097,GCT,0
YNR031C,1183,GCT,0
YNR031C,1254,GCT,3
YNR031C,1311,GCT,0
YNR031C,1312,GCT,3
YNR031C,1316,GCT,0
YNR031C,1353,GCT,0
YNR031C,1365,GCT,1
YNR031C,1401,GCT,0
YNR031C,1408,GCT,0
YNR031C,1414,GCT,0
YNR031C,1430,GCT,0
YNR031C,11,GCA,2
YNR031C,178,GCA,0
YNR031C,310,GCA,0
YNR031C,332,GCA,2
YNR031C,375,GCA,1
YNR031C,409,GCA,0
YNR031C,493,GCA,1
YNR031C,569,GCA,0
YNR031C,646,GCA,2
YNR031C,651,GCA,0
YNR031C,652,GCA,0
YNR031C,713,GCA,0
YNR031C,951,GCA,0
YNR031C,1085,GCA,0
YNR031C,1156,GCA,1
YNR031C,1193,GCA,1
YNR031C,1253,GCA,2
YNR031C,1279,GCA,0
YNR031C,1323,GCA,0
YNR031C,1331,GCA,1
YNR031C,1346,GCA,1
YNR031C,1380,GCA,4
YNR031C,1415,GCA,0
YNR031C,67,GAT,0
YNR031C,124,GAT,0
YNR031C,169,GAT,1
YNR031C,170,GAT,1
YNR031C,184,GAT,0
YNR031C,195,GAT,2
YNR031C,202,GAT,0
YNR031C,203,GAT,0
YNR031C,211,GAT,2
YNR031C,213,GAT,0
YNR031C,246,GAT,3
YNR031C,250,GAT,1
YNR031C,254,GAT,3
YNR031C,261,GAT,3
YNR031C,272,GAT,0
YNR031C,300,GAT,3
YNR031C,324,GAT,0
YNR031C,341,GAT,2
YNR031C,351,GAT,1
YNR031C,367,GAT,0
YNR031C,415,GAT,1
YNR031C,428,GAT,0
YNR031C,451,GAT,1
YNR031C,458,GAT,0
YNR031C,459,GAT,1
YNR031C,479,GAT,2
YNR031C,519,GAT,0
YNR031C,521,GAT,0
YNR031C,535,GAT,0
YNR031C,556,GAT,1
YNR031C,561,GAT,1
YNR031C,590,GAT,0
YNR031C,594,GAT,0
YNR031C,627,GAT,0
YNR031C,644,GAT,0
YNR031C,645,GAT,1
YNR031C,724,GAT,1
YNR031C,764,GAT,0
YNR031C,765,GAT,0
YNR031C,766,GAT,1
YNR031C,779,GAT,0
YNR031C,797,GAT,1
YNR031C,798,GAT,0
YNR031C,809,GAT,0
YNR031C,813,GAT,4
YNR031C,823,GAT,0
YNR031C,841,GAT,3
YNR031C,885,GAT,0
YNR031C,904,GAT,0
YNR031C,978,GAT,0
YNR031C,989,GAT,0
YNR031C,1028,GAT,0
YNR031C,1031,GAT,4
YNR031C,1058,GAT,0
YNR031C,1081,GAT,0
YNR031C,1102,GAT,0
YNR031C,1105,GAT,1
YNR031C,1109,GAT,1
YNR031C,1110,GAT,1
YNR031C,1143,GAT,0
YNR031C,1144,GAT,0
YNR031C,1185,GAT,0
YNR031C,1187,GAT,0
YNR031C,1201,GAT,0
YNR031C,1238,GAT,0
YNR031C,1263,GAT,1
YNR031C,1290,GAT,0
YNR031C,1299,GAT,0
YNR031C,1308,GAT,0
YNR031C,1332,GAT,3
YNR031C,1337,GAT,0
YNR031C,1343,GAT,0
YNR031C,1382,GAT,1
YNR031C,1404,GAT,0
YNR031C,1425,GAT,1
YNR031C,1455,GAT,0
YNR031C,1469,GAT,0
YNR031C,1474,GAT,0
YNR031C,185,GAC,0
YNR031C,196,GAC,0
YNR031C,215,GAC,1
YNR031C,325,GAC,2
YNR031C,354,GAC,0
YNR031C,372,GAC,0
YNR031C,383,GAC,0
YNR031C,560,GAC,0
YNR031C,582,GAC,0
YNR031C,775,GAC,0
YNR031C,919,GAC,0
YNR031C,1026,GAC,0
YNR031C,1108,GAC,0
YNR031C,1146,GAC,0
YNR031C,1356,GAC,0
YNR031C,1381,GAC,4
YNR031C,1468,GAC,0
YNR031C,140,GGA,0
YNR031C,299,GGA,2
YNR031C,600,GGA,0
YNR031C,697,GGA,0
YNR031C,743,GGA,0
YNR031C,893,GGA,2
YNR031C,909,GGA,3
YNR031C,1018,GGA,1
YNR031C,1178,GGA,0
YNR031C,1277,GGA,1
YNR031C,1319,GGA,2
YNR031C,1359,GGA,0
YNR031C,1371,GGA,0
YNR031C,1416,GGA,1
YGR158C,16,TTT,4
YGR158C,113,TTT,1
YGR158C,28,TCT,1
YGR158C,62,TCT,1
YGR158C,63,TCT,1
YGR158C,67,TCT,1
YGR158C,72,TGT,0
YGR158C,144,TGT,3
YGR158C,114,TGG,4
YGR158C,68,CTC,4
YGR158C,57,CAA,9
YGR158C,64,CAA,1
YGR158C,133,CAA,7
YGR158C,52,CAG,5
YGR158C,148,CAG,8
YGR158C,65,ATA,0
YGR158C,69,ATA,5
YGR158C,76,ATA,0
YGR158C,142,ATA,5
YGR158C,74,ACT,3
YGR158C,99,ACT,7
YGR158C,150,ACT,2
YGR158C,8,AAT,7
YGR158C,22,AAT,12
YGR158C,49,AAT,2
YGR158C,50,AAT,18
YGR158C,97,AAT,1
YGR158C,106,AAT,0
YGR158C,6,AAC,3
YGR158C,26,AAC,9
YGR158C,135,AAC,6
YGR158C,147,AAC,4
YGR158C,75,AGT,3
YGR158C,24,GTA,2
YGR158C,25,GTA,0
YGR158C,101,GTA,0
YGR158C,111,GTA,1
YGR158C,81,GCT,1
YGR158C,91,GCA,3
YGR158C,36,GAT,0
YGR158C,44,GAT,0
YGR158C,46,GAT,1
YGR158C,55,GAT,9
YGR158C,82,GAT,4
YGR158C,89,GAT,0
YGR158C,116,GAT,5
YGR158C,117,GAT,10
YGR158C,120,GAT,16
YGR158C,122,GAT,24
YGR158C,128,GAT,2
YGR158C,139,GAT,5
YGR158C,53,GAC,7
YGR158C,54,GAC,2
YGR158C,119,GAC,31
YGR158C,107,GGA,8
YKL213C,93,TTT,1
YKL213C,122,TTT,2
YKL213C,187,TTT,0
YKL213C,219,TTT,2
YKL213C,255,TTT,1
YKL213C,289,TTT,0
YKL213C,317,TTT,4
YKL213C,397,TTT,6
YKL213C,422,TTT,1
YKL213C,500,TTT,1
YKL213C,507,TTT,2
YKL213C,587,TTT,0
YKL213C,607,TTT,1
YKL213C,39,TCT,0
YKL213C,163,TCT,0
YKL213C,171,TCT,0
YKL213C,204,TCT,0
YKL213C,222,TCT,0
YKL213C,258,TCT,0
YKL213C,353,TCT,5
YKL213C,354,TCT,0
YKL213C,428,TCT,5
YKL213C,450,TCT,2
YKL213C,508,TCT,0
YKL213C,511,TCT,0
YKL213C,538,TCT,0
YKL213C,3,TGT,0
YKL213C,96,TGT,2
YKL213C,169,TGT,1
YKL213C,17,TGG,1
YKL213C,24,TGG,1
YKL213C,41,TGG,2
YKL213C,65,TGG,5
YKL213C,146,TGG,10
YKL213C,165,TGG,13
YKL213C,194,TGG,0
YKL213C,260,TGG,4
YKL213C,416,TGG,9
YKL213C,430,TGG,4
YKL213C,485,TGG,21
YKL213C,593,TGG,0
YKL213C,101,CTC,1
YKL213C,532,CTC,1
YKL213C,614,CTC,1
YKL213C,233,CCG,2
YKL213C,303,CCG,13
YKL213C,8,CAA,5
YKL213C,34,CAA,2
YKL213C,66,CAA,1
YKL213C,189,CAA,0
YKL213C,206,CAA,6
YKL213C,231,CAA,1
YKL213C,239,CAA,0
YKL213C,247,CAA,0
YKL213C,254,CAA,0
YKL213C,330,CAA,1
YKL213C,404,CAA,0
YKL213C,494,CAA,1
YKL213C,561,CAA,0
YKL213C,586,CAA,0
YKL213C,155,CAG,0
YKL213C,333,CAG,20
YKL213C,346,CAG,2
YKL213C,371,CAG,3
YKL213C,509,CAG,0
YKL213C,514,CAG,0
YKL213C,516,CAG,4
YKL213C,13,ATA,0
YKL213C,145,ATA,2
YKL213C,186,ATA,6
YKL213C,200,ATA,0
YKL213C,212,ATA,1
YKL213C,217,ATA,3
YKL213C,250,ATA,11
YKL213C,278,ATA,8
YKL213C,335,ATA,1
YKL213C,342,ATA,1
YKL213C,387,ATA,1
YKL213C,390,ATA,4
YKL213C,412,ATA,2
YKL213C,426,ATA,2
YKL213C,439,ATA,5
YKL213C,453,ATA,2
YKL213C,503,ATA,12
YKL213C,73,ACT,6
YKL213C,211,ACT,0
YKL213C,249,ACT,0
YKL213C,272,ACT,1
YKL213C,339,ACT,0
YKL213C,382,ACT,4
YKL213C,425,ACT,0
YKL213C,434,ACT,0
YKL213C,467,ACT,0
YKL213C,472,ACT,0
YKL213C,502,ACT,4
YKL213C,505,ACT,1
YKL213C,579,ACT,0
YKL213C,592,ACT,0
YKL213C,20,ACC,1
YKL213C,396,ACC,6
YKL213C,469,ACC,1
YKL213C,552,ACC,3
YKL213C,571,ACC,0
YKL213C,32,AAT,4
YKL213C,37,AAT,3
YKL213C,51,AAT,2
YKL213C,79,AAT,1
YKL213C,131,AAT,12
YKL213C,150,AAT,2
YKL213C,172,AAT,0
YKL213C,182,AAT,1
YKL213C,201,AAT,0
YKL213C,257,AAT,3
YKL213C,305,AAT,3
YKL213C,316,AAT,8
YKL213C,340,AAT,1
YKL213C,350,AAT,0
YKL213C,377,AAT,0
YKL213C,385,AAT,6
YKL213C,391,AAT,1
YKL213C,393,AAT,2
YKL213C,463,AAT,1
YKL213C,465,AAT,1
YKL213C,478,AAT,4
YKL213C,481,AAT,0
YKL213C,482,AAT,1
YKL213C,493,AAT,0
YKL213C,517,AAT,7
YKL213C,576,AAT,1
YKL213C,1,AAC,5
YKL213C,67,AAC,5
YKL213C,98,AAC,0
YKL213C,274,AAC,3
YKL213C,309,AAC,10
YKL213C,338,AAC,3
YKL213C,348,AAC,12
YKL213C,379,AAC,2
YKL213C,424,AAC,7
YKL213C,429,AAC,3
YKL213C,484,AAC,5
YKL213C,528,AAC,0
YKL213C,537,AAC,0
YKL213C,551,AAC,2
YKL213C,589,AAC,0
YKL213C,596,AAC,4
YKL213C,603,AAC,13
YKL213C,4,AGT,6
YKL213C,16,AGT,4
YKL213C,75,AGT,4
YKL213C,95,AGT,6
YKL213C,179,AGT,6
YKL213C,180,AGT,2
YKL213C,213,AGT,0
YKL213C,326,AGT,8
YKL213C,40,GTA,2
YKL213C,46,GTA,1
YKL213C,81,GTA,0
YKL213C,82,GTA,1
YKL213C,112,GTA,3
YKL213C,135,GTA,0
YKL213C,156,GTA,5
YKL213C,242,GTA,10
YKL213C,288,GTA,10
YKL213C,331,GTA,1
YKL213C,332,GTA,6
YKL213C,356,GTA,1
YKL213C,363,GTA,0
YKL213C,388,GTA,0
YKL213C,440,GTA,5
YKL213C,444,GTA,3
YKL213C,477,GTA,2
YKL213C,546,GTA,0
YKL213C,572,GTA,0
YKL213C,591,GTA,0
YKL213C,56,GCT,2
YKL213C,86,GCT,1
YKL213C,195,GCT,0
YKL213C,252,GCT,1
YKL213C,271,GCT,3
YKL213C,319,GCT,1
YKL213C,423,GCT,0
YKL213C,512,GCT,2
YKL213C,519,GCT,3
YKL213C,531,GCT,3
YKL213C,547,GCT,1
YKL213C,573,GCT,5
YKL213C,578,GCT,2
YKL213C,21,GCA,5
YKL213C,35,GCA,0
YKL213C,269,GCA,4
YKL213C,313,GCA,4
YKL213C,351,GCA,2
YKL213C,355,GCA,1
YKL213C,408,GCA,1
YKL213C,436,GCA,2
YKL213C,510,GCA,3
YKL213C,521,GCA,1
YKL213C,567,GCA,1
YKL213C,595,GCA,0
YKL213C,9,GAT,4
YKL213C,42,GAT,6
YKL213C,59,GAT,1
YKL213C,68,GAT,1
YKL213C,80,GAT,0
YKL213C,89,GAT,0
YKL213C,90,GAT,0
YKL213C,99,GAT,1
YKL213C,106,GAT,1
YKL213C,133,GAT,5
YKL213C,168,GAT,0
YKL213C,174,GAT,4
YKL213C,181,GAT,4
YKL213C,198,GAT,7
YKL213C,220,GAT,5
YKL213C,265,GAT,6
YKL213C,290,GAT,3
YKL213C,292,GAT,6
YKL213C,295,GAT,4
YKL213C,329,GAT,5
YKL213C,349,GAT,2
YKL213C,381,GAT,1
YKL213C,398,GAT,1
YKL213C,399,GAT,5
YKL213C,413,GAT,5
YKL213C,452,GAT,3
YKL213C,455,GAT,1
YKL213C,504,GAT,6
YKL213C,539,GAT,2
YKL213C,609,GAT,7
YKL213C,613,GAT,2
YKL213C,18,GAC,0
YKL213C,111,GAC,6
YKL213C,140,GAC,4
YKL213C,275,GAC,4
YKL213C,286,GAC,6
YKL213C,308,GAC,1
YKL213C,315,GAC,1
YKL213C,345,GAC,3
YKL213C,411,GAC,7
YKL213C,438,GAC,4
YKL213C,548,GAC,3
YKL213C,612,GAC,0
YKL213C,27,GGA,13
YKL213C,132,GGA,2
YKL213C,178,GGA,4
YKL213C,273,GGA,1
YKL213C,296,GGA,6
YKL213C,386,GGA,5
YKL213C,575,GGA,0
YFR034C,123,TCT,5
YFR034C,175,TCT,1
YFR034C,181,TGG,0
YFR034C,146,CTC,2
YFR034C,9,CCG,9
YFR034C,15,CCG,0
YFR034C,29,CCG,1
YFR034C,53,CCG,13
YFR034C,64,CCG,2
YFR034C,81,CCG,3
YFR034C,83,CCG,7
YFR034C,85,CCG,15
YFR034C,91,CCG,10
YFR034C,96,CCG,22
YFR034C,105,CCG,7
YFR034C,128,CCG,1
YFR034C,190,CCG,12
YFR034C,20,CAA,0
YFR034C,89,CAA,0
YFR034C,160,CAA,6
YFR034C,184,CAA,10
YFR034C,183,CAG,4
YFR034C,207,CAG,1
YFR034C,208,CAG,7
YFR034C,17,ATA,2
YFR034C,4,ACT,0
YFR034C,34,ACT,0
YFR034C,36,ACT,1
YFR034C,45,ACT,3
YFR034C,68,ACT,0
YFR034C,80,ACT,10
YFR034C,26,ACC,2
YFR034C,38,ACC,0
YFR034C,110,ACC,0
YFR034C,194,ACC,2
YFR034C,195,ACC,0
YFR034C,50,AAT,3
YFR034C,164,AAT,29
YFR034C,185,AAT,17
YFR034C,30,AAC,3
YFR034C,42,AAC,1
YFR034C,47,AAC,2
YFR034C,56,AAC,11
YFR034C,98,AAC,20
YFR034C,209,AAC,10
YFR034C,21,AGT,1
YFR034C,49,AGT,0
YFR034C,51,AGT,3
YFR034C,52,AGT,6
YFR034C,121,AGT,4
YFR034C,138,AGT,2
YFR034C,25,GTA,14
YFR034C,103,GTA,4
YFR034C,119,GTA,0
YFR034C,125,GTA,4
YFR034C,2,GCT,3
YFR034C,5,GCT,7
YFR034C,33,GCT,3
YFR034C,35,GCT,5
YFR034C,41,GCT,2
YFR034C,114,GCA,0
YFR034C,120,GCA,4
YFR034C,158,GCA,6
YFR034C,161,GCA,4
YFR034C,65,GAT,7
YFR034C,149,GAT,2
YFR034C,75,GAC,4
YFR034C,148,GAC,15
YFR034C,150,GAC,0
YFR034C,130,GGA,14
