YDR473C, 4, CAA, 1
YDR473C, 9, CAA, 0
YDR473C, 11, CAG, 5
YDR473C, 12, CAG, 4
YDR473C, 20, AAG, 0
YDR473C, 23, CAA, 0
YDR473C, 29, GAT, 0
YDR473C, 38, GAT, 0
YDR473C, 45, CAT, 0
YDR473C, 47, GAT, 0
YDR473C, 48, AAG, 2
YDR473C, 52, GAT, 0
YDR473C, 55, AAG, 3
YDR473C, 57, AAG, 1
YDR473C, 61, GAT, 0
YDR473C, 64, CAT, 6
YDR473C, 71, ACG, 4
YDR473C, 75, GAT, 7
YDR473C, 77, AAG, 0
YDR473C, 95, AAG, 1
YDR473C, 99, GAT, 2
YDR473C, 101, GAT, 1
YDR473C, 105, GAT, 1
YDR473C, 106, GAT, 0
YDR473C, 107, GAT, 0
YDR473C, 108, GAT, 2
YDR473C, 109, GAT, 1
YDR473C, 111, CAC, 1
YDR473C, 112, CCA, 0
YDR473C, 119, CAT, 2
YDR473C, 124, AAG, 10
YDR473C, 125, ATC, 2
YDR473C, 126, AAC, 2
YDR473C, 132, ATC, 0
YDR473C, 137, ACG, 0
YDR473C, 138, CAA, 1
YDR473C, 139, CAT, 0
YDR473C, 141, AGG, 2
YDR473C, 145, AGG, 1
YDR473C, 149, AGG, 2
YDR473C, 156, CGG, 0
YDR473C, 161, AAG, 1
YDR473C, 163, GGA, 3
YDR473C, 167, AAG, 2
YDR473C, 170, CCG, 0
YDR473C, 176, AAC, 3
YDR473C, 184, GAT, 0
YDR473C, 185, CAA, 0
YDR473C, 186, AAC, 2
YDR473C, 188, ACG, 1
YDR473C, 190, CCA, 4
YDR473C, 197, GTG, 0
YDR473C, 200, CAA, 0
YDR473C, 201, GTG, 0
YDR473C, 203, CTC, 1
YDR473C, 204, AGG, 0
YDR473C, 205, AAG, 2
YDR473C, 208, CAT, 0
YDR473C, 209, CTG, 1
YDR473C, 212, AAC, 0
YDR473C, 216, CAT, 0
YDR473C, 218, GAT, 0
YDR473C, 223, AGG, 1
YDR473C, 230, AAC, 0
YDR473C, 233, AAG, 4
YDR473C, 234, CCG, 20
YDR473C, 238, CAT, 3
YDR473C, 239, TGT, 2
YDR473C, 240, AAG, 5
YDR473C, 241, GTG, 3
YDR473C, 243, CAG, 9
YDR473C, 246, AAC, 2
YDR473C, 248, CAG, 0
YDR473C, 249, AAC, 3
YDR473C, 250, CCA, 9
YDR473C, 255, AAG, 1
YDR473C, 266, AAG, 2
YDR473C, 270, CTC, 3
YDR473C, 271, CGT, 0
YDR473C, 273, CGT, 0
YDR473C, 274, GAT, 4
YDR473C, 276, GGA, 3
YDR473C, 277, CCA, 8
YDR473C, 278, GGA, 21
YDR473C, 283, GTG, 0
YDR473C, 285, AAC, 1
YDR473C, 296, GTG, 0
YDR473C, 298, AAG, 2
YDR473C, 299, AGG, 2
YDR473C, 305, GAT, 0
YDR473C, 309, CAC, 0
YDR473C, 311, AAC, 2
YDR473C, 314, GAT, 1
YDR473C, 320, CAT, 0
YDR473C, 333, CAA, 0
YDR473C, 334, GAT, 0
YDR473C, 335, TGT, 1
YDR473C, 347, GAT, 3
YDR473C, 348, CAG, 0
YDR473C, 349, GAT, 0
YDR473C, 353, CGT, 2
YDR473C, 354, ACG, 0
YDR473C, 355, CTG, 1
YDR473C, 357, CAG, 3
YDR473C, 359, GAT, 0
YDR473C, 362, CAT, 0
YDR473C, 368, CAA, 0
YDR473C, 369, ACG, 3
YFR010W, 2, CAA, 0
YFR010W, 3, CAA, 0
YFR010W, 6, CAA, 7
YFR010W, 12, AAG, 45
YFR010W, 16, AAC, 16
YFR010W, 18, TGT, 14
YFR010W, 20, CTG, 7
YFR010W, 25, CAG, 17
YFR010W, 30, GTG, 27
YFR010W, 31, AAC, 16
YFR010W, 32, GAT, 18
YFR010W, 34, AGG, 78
YFR010W, 35, GAT, 5
YFR010W, 41, AAC, 16
YFR010W, 44, CAA, 1
YFR010W, 46, GTG, 57
YFR010W, 48, AAC, 20
YFR010W, 52, CAA, 11
YFR010W, 53, GAT, 37
YFR010W, 57, CAC, 3
YFR010W, 59, CAA, 3
YFR010W, 60, ATC, 19
YFR010W, 65, AAG, 68
YFR010W, 66, CGT, 3
YFR010W, 67, TGT, 28
YFR010W, 72, CAG, 10
YFR010W, 77, AAG, 13
YFR010W, 81, CCA, 1
YFR010W, 83, GTG, 24
YFR010W, 86, AAC, 7
YFR010W, 87, ACG, 32
YFR010W, 90, AAG, 7
YFR010W, 91, TGT, 18
YFR010W, 93, CCA, 4
YFR010W, 94, CAA, 12
YFR010W, 98, CGT, 16
YFR010W, 99, GAT, 29
YFR010W, 101, CAA, 2
YFR010W, 107, CAG, 8
YFR010W, 108, CAA, 8
YFR010W, 116, CAA, 0
YFR010W, 119, CAT, 3
YFR010W, 132, GAT, 7
YFR010W, 134, AGG, 1
YFR010W, 136, CAA, 1
YFR010W, 141, ATC, 4
YFR010W, 147, GAT, 21
YFR010W, 148, AAC, 25
YFR010W, 149, GAT, 7
YFR010W, 158, GAT, 1
YFR010W, 162, CAA, 0
YFR010W, 163, TGT, 10
YFR010W, 164, CAT, 23
YFR010W, 176, CTC, 31
YFR010W, 177, CTG, 23
YFR010W, 196, ATC, 0
YFR010W, 201, AAG, 14
YFR010W, 207, CCA, 8
YFR010W, 208, AAG, 6
YFR010W, 213, CAG, 34
YFR010W, 221, AGG, 18
YFR010W, 224, AAC, 7
YFR010W, 231, CGT, 4
YFR010W, 232, AAG, 11
YFR010W, 236, CCA, 1
YFR010W, 238, CAA, 1
YFR010W, 240, GAT, 10
YFR010W, 247, CCA, 13
YFR010W, 253, AAG, 24
YFR010W, 257, CGT, 5
YFR010W, 260, CTG, 17
YFR010W, 265, AAG, 13
YFR010W, 270, AAG, 18
YFR010W, 274, ATC, 5
YFR010W, 276, AGG, 0
YFR010W, 277, CGT, 9
YFR010W, 281, CCA, 2
YFR010W, 290, CCA, 10
YFR010W, 293, CAA, 4
YFR010W, 297, CAA, 3
YFR010W, 298, GTG, 1
YFR010W, 301, AAC, 3
YFR010W, 306, GAT, 21
YFR010W, 307, CAA, 3
YFR010W, 309, CTC, 5
YFR010W, 313, AAG, 5
YFR010W, 315, CAT, 1
YFR010W, 318, CCA, 7
YFR010W, 319, AAC, 11
YFR010W, 325, AAC, 13
YFR010W, 326, CCA, 14
YFR010W, 328, TGT, 2
YFR010W, 331, AAC, 15
YFR010W, 333, ATC, 2
YFR010W, 338, CAT, 2
YFR010W, 339, CAA, 1
YFR010W, 346, GGA, 7
YFR010W, 347, CAC, 1
YFR010W, 349, CAA, 11
YFR010W, 353, AGG, 6
YFR010W, 356, CTG, 3
YFR010W, 366, GAT, 11
YFR010W, 367, GAT, 5
YFR010W, 374, AAG, 12
YFR010W, 387, GAT, 1
YFR010W, 390, CTG, 20
YFR010W, 391, ATC, 6
YFR010W, 396, GGA, 10
YFR010W, 399, CTG, 7
YKL159C, 2, AAG, 4
YKL159C, 4, CCA, 2
YKL159C, 11, CTG, 1
YKL159C, 15, CCA, 6
YKL159C, 18, CCA, 3
YKL159C, 23, GAT, 2
YKL159C, 27, TGT, 0
YKL159C, 29, GAT, 1
YKL159C, 31, CCA, 1
YKL159C, 32, CAA, 0
YKL159C, 33, AGG, 3
YKL159C, 34, CAT, 0
YKL159C, 36, CAA, 1
YKL159C, 38, CAT, 0
YKL159C, 40, CAA, 0
YKL159C, 41, CAG, 0
YKL159C, 43, CAG, 1
YKL159C, 44, CAG, 2
YKL159C, 45, CAG, 5
YKL159C, 46, CGG, 9
YKL159C, 51, CAA, 0
YKL159C, 57, CCA, 1
YKL159C, 61, AAC, 1
YKL159C, 66, ACG, 5
YKL159C, 71, AAG, 3
YKL159C, 72, GTG, 0
YKL159C, 78, GAT, 1
YKL159C, 80, TGT, 2
YKL159C, 82, ACG, 6
YKL159C, 83, AAC, 7
YKL159C, 84, GAT, 10
YKL159C, 85, GGA, 11
YKL159C, 87, GGA, 15
YKL159C, 88, CAG, 7
YKL159C, 90, CAA, 0
YKL159C, 94, CAC, 0
YKL159C, 100, CCA, 0
YKL159C, 101, CCA, 0
YKL159C, 106, GAT, 5
YKL159C, 108, GAT, 5
YKL159C, 110, GAT, 3
YKL159C, 111, GAT, 1
YLL054C, 3, CAC, 0
YLL054C, 5, AAG, 0
YLL054C, 11, AAC, 0
YLL054C, 14, ATC, 0
YLL054C, 16, GAT, 0
YLL054C, 22, CAT, 0
YLL054C, 26, CAA, 0
YLL054C, 27, CAT, 5
YLL054C, 28, GAT, 1
YLL054C, 32, AAG, 0
YLL054C, 39, CAT, 1
YLL054C, 41, AGG, 3
YLL054C, 43, CTG, 0
YLL054C, 45, GAT, 3
YLL054C, 49, CAT, 0
YLL054C, 50, CGT, 1
YLL054C, 52, AAC, 0
YLL054C, 56, AAC, 0
YLL054C, 63, AAC, 0
YLL054C, 66, ATC, 1
YLL054C, 68, GAT, 0
YLL054C, 70, GGA, 0
YLL054C, 76, GAT, 0
YLL054C, 95, CCA, 0
YLL054C, 97, GAT, 0
YLL054C, 99, CTG, 0
YLL054C, 101, AAC, 0
YLL054C, 102, ACG, 1
YLL054C, 104, GAT, 0
YLL054C, 107, CAA, 0
YLL054C, 109, CAT, 0
YLL054C, 115, GAT, 1
YLL054C, 120, AAC, 0
YLL054C, 121, ATC, 0
YLL054C, 131, CTC, 0
YLL054C, 133, AAG, 0
YLL054C, 137, GAT, 0
YLL054C, 140, ATC, 0
YLL054C, 141, GTG, 0
YLL054C, 149, CCG, 0
YLL054C, 152, CCG, 0
YLL054C, 154, CTG, 0
YLL054C, 161, GAT, 0
YLL054C, 162, AAC, 0
YLL054C, 164, AGG, 0
YLL054C, 166, CTG, 0
YLL054C, 168, CAA, 1
YLL054C, 176, AAC, 0
YLL054C, 188, CTG, 0
YLL054C, 193, CTG, 0
YLL054C, 196, ATC, 0
YLL054C, 204, CGT, 0
YLL054C, 211, CAT, 0
YLL054C, 225, ACG, 0
YLL054C, 227, CTC, 2
YLL054C, 229, CAT, 0
YLL054C, 234, CTC, 0
YLL054C, 236, AAC, 0
YLL054C, 239, CAA, 0
YLL054C, 244, CAT, 0
YLL054C, 247, TGT, 0
YLL054C, 248, TGT, 0
YLL054C, 249, CTG, 0
YLL054C, 250, CTC, 0
YLL054C, 256, CGG, 0
YLL054C, 260, CCA, 1
YLL054C, 261, GAT, 2
YLL054C, 262, CAA, 0
YLL054C, 269, CAC, 0
YLL054C, 274, AAC, 0
YLL054C, 284, AAG, 0
YLL054C, 286, GGA, 0
YLL054C, 287, CTG, 0
YLL054C, 293, CAA, 0
YLL054C, 296, CGA, 0
YLL054C, 303, GAT, 0
YLL054C, 305, CCA, 1
YLL054C, 312, AGG, 0
YLL054C, 318, GTG, 0
YLL054C, 319, CAA, 0
YLL054C, 322, AAG, 0
YLL054C, 324, GGA, 2
YLL054C, 328, CCA, 1
YLL054C, 330, GGA, 0
YLL054C, 331, GAT, 0
YLL054C, 351, CCA, 0
YLL054C, 375, ATC, 0
YLL054C, 377, CAT, 0
YLL054C, 379, CAT, 0
YLL054C, 383, CAG, 0
YLL054C, 386, CTG, 0
YLL054C, 389, TGT, 0
YLL054C, 391, CCA, 0
YLL054C, 399, AAG, 0
YLL054C, 403, GAT, 0
YLL054C, 404, AAC, 0
YLL054C, 405, ATC, 1
YLL054C, 407, AAG, 0
YLL054C, 410, GAT, 0
YLL054C, 414, CAG, 0
YLL054C, 418, CTC, 0
YLL054C, 424, GGA, 0
YLL054C, 426, CCA, 0
YLL054C, 427, AGG, 0
YLL054C, 429, AAG, 0
YLL054C, 432, CAT, 0
YLL054C, 433, ATC, 1
YLL054C, 460, GTG, 0
YLL054C, 465, TGT, 0
YLL054C, 468, AAC, 0
YLL054C, 469, ATC, 0
YLL054C, 471, GAT, 0
YLL054C, 476, CAT, 0
YLL054C, 480, CAA, 0
YLL054C, 481, TGT, 0
YLL054C, 484, AAC, 0
YLL054C, 493, CAC, 0
YLL054C, 501, CAA, 0
YLL054C, 502, GAT, 0
YLL054C, 505, ACG, 0
YLL054C, 510, ATC, 0
YLL054C, 516, GGA, 0
YLL054C, 519, CTG, 0
YLL054C, 520, CAT, 0
YLL054C, 522, CGG, 0
YLL054C, 530, CAG, 0
YLL054C, 538, CAT, 0
YLL054C, 539, CGA, 0
YLL054C, 541, CTC, 0
YLL054C, 544, CAG, 1
YLL054C, 548, CTC, 0
YLL054C, 549, GTG, 0
YLL054C, 554, AAG, 1
YLL054C, 555, AAG, 2
YLL054C, 556, GAT, 0
YLL054C, 566, GGA, 0
YLL054C, 570, GAT, 0
YLL054C, 572, AAC, 0
YLL054C, 573, GGA, 0
YLL054C, 577, CGA, 0
YLL054C, 583, ATC, 0
YLL054C, 584, AAG, 1
YLL054C, 589, CAT, 0
YLL054C, 598, ATC, 0
YLL054C, 601, CTG, 0
YLL054C, 603, AAG, 0
YLL054C, 606, CTC, 0
YLL054C, 616, AGG, 0
YLL054C, 618, ATC, 0
YLL054C, 622, GTG, 0
YLL054C, 623, GAT, 1
YLL054C, 627, CTG, 0
YLL054C, 636, AAG, 0
YLL054C, 642, GAT, 0
YLL054C, 648, ATC, 0
YLL054C, 649, CAT, 0
YLL054C, 650, AGG, 0
YLL054C, 659, GGA, 0
YLL054C, 660, AGG, 3
YLL054C, 661, GAT, 0
YLL054C, 662, AAG, 1
YLL054C, 668, CAA, 0
YJR138W, 3, CAA, 0
YJR138W, 9, CAT, 0
YJR138W, 12, CGA, 2
YJR138W, 18, GTG, 3
YJR138W, 26, CCG, 6
YJR138W, 27, GAT, 0
YJR138W, 32, GAT, 1
YJR138W, 40, CAC, 0
YJR138W, 43, CCA, 0
YJR138W, 47, AAC, 1
YJR138W, 48, GGA, 2
YJR138W, 49, GAT, 2
YJR138W, 50, AAG, 2
YJR138W, 58, GAT, 1
YJR138W, 61, GGA, 1
YJR138W, 66, AGG, 1
YJR138W, 78, CAA, 1
YJR138W, 79, CTG, 6
YJR138W, 80, CAA, 0
YJR138W, 84, GAT, 1
YJR138W, 88, AGG, 6
YJR138W, 90, AGG, 0
YJR138W, 97, CCA, 0
YJR138W, 98, AAC, 0
YJR138W, 103, CAG, 2
YJR138W, 105, GAT, 1
YJR138W, 106, GTG, 1
YJR138W, 111, ATC, 0
YJR138W, 113, GAT, 0
YJR138W, 120, GAT, 0
YJR138W, 127, AAG, 3
YJR138W, 128, CTG, 1
YJR138W, 130, GAT, 3
YJR138W, 132, TGT, 0
YJR138W, 133, GTG, 5
YJR138W, 136, GAT, 5
YJR138W, 137, CAA, 2
YJR138W, 139, CTG, 1
YJR138W, 145, ATC, 0
YJR138W, 150, AAG, 0
YJR138W, 151, GGA, 1
YJR138W, 154, CGA, 1
YJR138W, 157, AAG, 3
YJR138W, 158, AAG, 2
YJR138W, 162, GGA, 2
YJR138W, 167, CAA, 0
YJR138W, 169, AGG, 3
YJR138W, 173, CGG, 7
YJR138W, 184, CAA, 1
YJR138W, 187, GAT, 0
YJR138W, 191, AAC, 0
YJR138W, 198, CAA, 0
YJR138W, 201, CAA, 0
YJR138W, 202, AAG, 0
YJR138W, 209, CCG, 0
YJR138W, 210, AAG, 0
YJR138W, 211, ATC, 0
YJR138W, 217, GAT, 0
YJR138W, 218, GTG, 1
YJR138W, 221, CAC, 0
YJR138W, 222, CAT, 0
YJR138W, 224, ATC, 0
YJR138W, 236, GAT, 0
YJR138W, 240, AAG, 0
YJR138W, 252, CAG, 0
YJR138W, 253, GAT, 0
YJR138W, 256, AGG, 0
YJR138W, 260, GAT, 0
YJR138W, 261, CAA, 0
YJR138W, 265, ATC, 0
YJR138W, 266, CAT, 0
YJR138W, 269, GAT, 0
YJR138W, 281, ATC, 1
YJR138W, 284, GAT, 0
YJR138W, 287, AAC, 0
YJR138W, 288, AAG, 0
YJR138W, 289, CAA, 0
YJR138W, 290, ACG, 1
YJR138W, 291, GAT, 0
YJR138W, 292, AAG, 2
YJR138W, 299, GGA, 2
YJR138W, 305, ATC, 0
YJR138W, 306, AAG, 0
YJR138W, 310, CTC, 0
YJR138W, 317, ACG, 0
YJR138W, 321, ACG, 0
YJR138W, 322, GAT, 4
YJR138W, 325, AAG, 1
YJR138W, 326, CAA, 0
YJR138W, 328, GAT, 0
YJR138W, 330, CGA, 1
YJR138W, 331, CAC, 0
YJR138W, 334, ACG, 0
YJR138W, 335, CAC, 0
YJR138W, 341, CCA, 0
YJR138W, 344, GGA, 0
YJR138W, 349, GAT, 0
YJR138W, 354, AGG, 1
YJR138W, 357, GGA, 0
YJR138W, 361, CTC, 1
YJR138W, 366, ACG, 1
YJR138W, 368, GAT, 0
YJR138W, 371, TGT, 0
YJR138W, 376, CCA, 1
YJR138W, 378, CAC, 0
YJR138W, 381, CCA, 0
YJR138W, 384, AGG, 0
YJR138W, 386, CGA, 2
YJR138W, 390, AAC, 0
YJR138W, 391, AAG, 0
YJR138W, 393, CAT, 2
YJR138W, 394, CAT, 3
YJR138W, 395, TGT, 2
YJR138W, 397, CCG, 0
YJR138W, 407, GAT, 1
YJR138W, 408, CAT, 0
YJR138W, 411, AAG, 1
YJR138W, 413, AAC, 0
YJR138W, 418, CCA, 0
YJR138W, 420, TGT, 0
YJR138W, 426, CAA, 3
YJR138W, 437, CGG, 1
YJR138W, 439, GTG, 2
YJR138W, 440, GAT, 0
YJR138W, 445, CAG, 0
YJR138W, 446, CTG, 1
YJR138W, 447, AAC, 0
YJR138W, 448, AAG, 0
YJR138W, 459, GAT, 2
YJR138W, 467, GTG, 0
YJR138W, 476, ACG, 1
YJR138W, 478, CAA, 0
YJR138W, 480, AAG, 1
YJR138W, 485, AAG, 0
YJR138W, 487, GAT, 0
YJR138W, 493, GAT, 3
YJR138W, 496, GTG, 0
YJR138W, 497, AAG, 1
YJR138W, 499, AGG, 0
YJR138W, 501, ATC, 1
YJR138W, 502, CCG, 1
YJR138W, 509, CAC, 0
YJR138W, 511, AAC, 0
YJR138W, 519, CCA, 1
YJR138W, 523, CTC, 0
YJR138W, 524, CCA, 0
YJR138W, 527, AAG, 0
YJR138W, 528, GAT, 0
YJR138W, 530, CAA, 0
YJR138W, 532, CCA, 0
YJR138W, 533, AAC, 1
YJR138W, 536, CCA, 0
YJR138W, 537, GAT, 1
YJR138W, 549, GAT, 0
YJR138W, 550, GAT, 0
YJR138W, 551, TGT, 0
YJR138W, 556, GAT, 0
YJR138W, 565, AAC, 0
YJR138W, 569, CTC, 0
YJR138W, 578, GTG, 0
YJR138W, 582, GAT, 0
YJR138W, 583, AAC, 2
YJR138W, 584, CAA, 1
YJR138W, 585, AAC, 2
YJR138W, 590, CTG, 0
YJR138W, 591, GAT, 1
YJR138W, 593, CTC, 0
YJR138W, 595, GGA, 0
YJR138W, 599, AGG, 3
YJR138W, 600, AAC, 1
YJR138W, 604, GAT, 0
YJR138W, 607, CAA, 0
YJR138W, 616, AAC, 1
YJR138W, 626, AAG, 0
YJR138W, 630, CTC, 3
YJR138W, 632, GAT, 1
YJR138W, 633, GAT, 1
YJR138W, 634, GTG, 0
YJR138W, 635, GAT, 3
YJR138W, 636, AAC, 0
YJR138W, 644, CCA, 0
YJR138W, 646, CCA, 0
YJR138W, 655, CTG, 0
YJR138W, 658, CAA, 2
YJR138W, 659, CAA, 0
YJR138W, 662, CTG, 1
YJR138W, 664, GAT, 0
YJR138W, 666, AAC, 0
YJR138W, 668, ATC, 2
YJR138W, 671, CGT, 0
YJR138W, 672, GGA, 0
YJR138W, 677, AAG, 0
YJR138W, 679, AAC, 0
YJR138W, 690, ATC, 0
YJR138W, 703, CAT, 0
YJR138W, 716, AAG, 0
YJR138W, 724, CAA, 0
YJR138W, 728, CAT, 0
YJR138W, 729, GAT, 0
YJR138W, 732, AAC, 1
YJR138W, 736, CTC, 0
YJR138W, 738, CAG, 0
YJR138W, 739, CAA, 0
YJR138W, 742, CAT, 1
YJR138W, 743, CGT, 0
YJR138W, 749, GTG, 0
YJR138W, 750, GAT, 0
YJR138W, 757, CCG, 0
YJR138W, 764, AAC, 0
YJR138W, 770, CGT, 1
YJR138W, 773, GAT, 0
YJR138W, 776, CCA, 0
YJR138W, 779, GTG, 2
YJR138W, 787, AGG, 2
YJR138W, 792, CCA, 2
YJR138W, 796, CCA, 0
YJR138W, 797, ATC, 0
YJR138W, 801, GAT, 0
YJR138W, 803, CCA, 3
YJR138W, 805, AAG, 0
YJR138W, 806, GAT, 2
YJR138W, 807, GAT, 0
YJR138W, 809, GAT, 1
YJR138W, 810, AGG, 2
YJR138W, 811, AAC, 0
YJR138W, 813, ATC, 0
YJR138W, 817, CAC, 0
YJR138W, 819, GTG, 1
YJR138W, 822, AAC, 1
YJR138W, 824, GAT, 0
YJR138W, 825, CAA, 0
YJR138W, 827, CAA, 0
YJR138W, 830, CAG, 0
YJR138W, 837, CGT, 0
YJR138W, 838, GAT, 0
YJR138W, 843, CGA, 1
YJR138W, 844, CTG, 2
YJR138W, 849, CAA, 0
YJR138W, 850, ATC, 1
YJR138W, 852, GTG, 4
YJR138W, 854, CGA, 9
YJR138W, 855, CAA, 0
YJR138W, 863, AGG, 1
YJR138W, 873, AAC, 1
YJR138W, 874, AAG, 0
YJR138W, 877, GAT, 0
YJR138W, 880, CAA, 0
YJR138W, 882, GAT, 1
YJR138W, 890, ATC, 2
YJR138W, 895, CAC, 0
YJR138W, 903, GGA, 0
YJR138W, 906, GAT, 0
YJR138W, 907, GTG, 0
YJR138W, 909, AGG, 0
YJR138W, 914, GAT, 0
YJR138W, 917, AAC, 0
YJR138W, 920, GAT, 0
YJR138W, 921, CAG, 0
YJR138W, 927, CCG, 0
YJR138W, 931, ACG, 1
YJR138W, 938, CGT, 0
YJR138W, 939, GAT, 1
YJR138W, 944, CCA, 3
YJR138W, 946, CAT, 4
YJR138W, 953, AAC, 0
YJR138W, 956, CAA, 1
YJR138W, 958, GAT, 0
YJR138W, 959, CAG, 0
YJR138W, 966, GAT, 0
YJR138W, 967, AAC, 1
YJR138W, 970, GAT, 0
YJR138W, 971, AGG, 0
YJR138W, 974, CAC, 0
YJR138W, 975, GGA, 1
YJR138W, 977, CGA, 2
YJR138W, 981, GTG, 0
YJR138W, 982, GTG, 0
YJR138W, 984, CCA, 0
YJR138W, 986, GAT, 0
YJR138W, 987, ATC, 0
YJR138W, 990, AAC, 0
YJR138W, 996, ATC, 0
YJR138W, 1004, AAC, 0
YJR138W, 1005, CCA, 1
YJR138W, 1008, ATC, 0
YJR138W, 1021, ACG, 0
YJR138W, 1022, AGG, 1
YJR138W, 1033, GGA, 2
YJR138W, 1037, AAG, 0
YJR138W, 1042, CAA, 1
YJR138W, 1051, CCG, 1
YJR138W, 1054, AAC, 0
YJR138W, 1059, CAA, 0
YJR138W, 1060, CAA, 0
YJR138W, 1072, GAT, 0
YJR138W, 1078, GAT, 0
YJR138W, 1080, AAC, 1
YJR138W, 1083, AAC, 0
YJR138W, 1090, AAG, 0
YJR138W, 1094, CAA, 0
YJR138W, 1096, CAA, 0
YJR138W, 1097, CGT, 2
YJR138W, 1100, GAT, 0
YJR138W, 1106, AAC, 0
YJR138W, 1110, CAC, 0
YJR138W, 1113, AAG, 3
YJR138W, 1114, CAT, 0
YJR138W, 1116, AAG, 0
YJR138W, 1117, TGT, 0
YJR138W, 1127, CTC, 1
YJR138W, 1130, AAC, 0
YJR138W, 1133, GAT, 0
YJR138W, 1135, GAT, 0
YJR138W, 1137, CGA, 0
YJR138W, 1139, GAT, 0
YJR138W, 1145, CAG, 1
YJR138W, 1146, AAG, 2
YJR138W, 1147, GTG, 1
YJR138W, 1151, GGA, 1
YJR138W, 1155, CAC, 0
YJR138W, 1159, AAG, 0
YJR138W, 1160, CAC, 0
YJR138W, 1166, CAC, 3
YJR138W, 1170, CAG, 0
YJR138W, 1186, AAC, 0
YJR138W, 1188, CAT, 0
YJR138W, 1194, GAT, 0
YJR138W, 1195, CCA, 1
YJR138W, 1196, AAG, 2
YJR138W, 1197, CAG, 0
YJR138W, 1208, AAC, 2
YJR138W, 1209, GAT, 0
YJR138W, 1210, CCA, 0
YJR138W, 1236, CCA, 0
YJR138W, 1243, CTG, 2
YJR138W, 1245, AAC, 0
YJR138W, 1249, ATC, 0
YJR138W, 1250, GAT, 0
YJR138W, 1252, GAT, 0
YJR138W, 1255, GGA, 0
YJR138W, 1260, CAA, 0
YJR138W, 1263, TGT, 1
YJR138W, 1266, CAT, 0
YJR138W, 1271, CAT, 0
YJR138W, 1272, AAC, 0
YJR138W, 1275, CAC, 0
YJR138W, 1276, TGT, 0
YJR138W, 1278, CAC, 0
YJR138W, 1288, CCA, 0
YJR138W, 1291, ATC, 0
YJR138W, 1292, GAT, 1
YJR138W, 1293, GAT, 0
YJR138W, 1297, AAC, 0
YJR138W, 1300, AGG, 0
YJR138W, 1304, AGG, 0
YJR138W, 1318, TGT, 0
YJR138W, 1320, ATC, 0
YJR138W, 1325, CCA, 0
YJR138W, 1327, CAC, 0
YJR138W, 1330, GTG, 0
YJR138W, 1333, AAG, 0
YJR138W, 1336, ATC, 0
YJR138W, 1341, GAT, 0
YJR138W, 1345, AAG, 0
YJR138W, 1346, GAT, 1
YJR138W, 1347, AGG, 0
YJR138W, 1358, CAC, 0
YJR138W, 1363, AAG, 1
YJR138W, 1372, AGG, 0
YJR138W, 1378, CAA, 0
YJR138W, 1380, CAA, 2
YJR138W, 1381, GAT, 0
YJR138W, 1386, ATC, 0
YJR138W, 1393, CCA, 5
YJR138W, 1394, CAG, 2
YJR138W, 1399, CAA, 0
YJR138W, 1402, CAT, 0
YJR138W, 1403, CAT, 0
YJR138W, 1404, ACG, 1
YJR138W, 1412, AGG, 2
YJR138W, 1422, AAC, 0
YJR138W, 1423, AAC, 0
YJR138W, 1429, GTG, 0
YJR138W, 1431, CCG, 0
YJR138W, 1432, GGA, 0
YJR138W, 1433, AAC, 4
YJR138W, 1435, ATC, 0
YJR138W, 1439, CAT, 0
YJR138W, 1447, GAT, 0
YJR138W, 1449, CAA, 0
YJR138W, 1451, GTG, 1
YJR138W, 1452, ATC, 0
YJR138W, 1463, CAG, 5
YJR138W, 1464, AAG, 0
YJR138W, 1466, AGG, 1
YJR138W, 1473, AAG, 2
YJR138W, 1479, GGA, 0
YJR138W, 1480, AAG, 2
YJR138W, 1484, GAT, 0
YER022W, 1, CAA, 0
YER022W, 3, ATC, 0
YER022W, 4, CCA, 0
YER022W, 5, ATC, 0
YER022W, 6, ATC, 2
YER022W, 9, CAG, 3
YER022W, 10, CGT, 7
YER022W, 12, CCA, 10
YER022W, 18, GAT, 1
YER022W, 25, CAA, 0
YER022W, 29, AAG, 8
YER022W, 30, CAG, 1
YER022W, 34, GAT, 0
YER022W, 39, CAT, 0
YER022W, 40, AAC, 6
YER022W, 43, AAG, 6
YER022W, 44, AAG, 2
YER022W, 47, GAT, 0
YER022W, 50, GAT, 6
YER022W, 54, CAA, 0
YER022W, 56, GGA, 2
YER022W, 58, GAT, 4
YER022W, 62, GTG, 1
YER022W, 63, GAT, 5
YER022W, 66, GAT, 2
YER022W, 68, GAT, 1
YER022W, 70, CCA, 37
YER022W, 71, GTG, 11
YER022W, 72, GAT, 3
YER022W, 74, CGA, 2
YER022W, 79, CAC, 0
YER022W, 81, ACG, 6
YER022W, 88, GAT, 4
YER022W, 89, GAT, 2
YER022W, 93, ACG, 1
YER022W, 97, CAG, 4
YER022W, 99, CAG, 2
YER022W, 104, AGG, 10
YER022W, 105, AGG, 5
YER022W, 106, GAT, 5
YER022W, 110, CAT, 2
YER022W, 113, CTG, 0
YER022W, 116, AAC, 1
YER022W, 129, CTG, 4
YER022W, 143, CCA, 2
YER022W, 146, AGG, 0
YER022W, 155, AAC, 1
YER022W, 157, GAT, 0
YER022W, 160, CCA, 2
YER022W, 170, ATC, 2
YER022W, 173, GAT, 1
YER022W, 177, AAG, 0
YER022W, 178, GGA, 0
YER022W, 180, AAG, 11
YER022W, 182, CAA, 2
YER022W, 185, AAC, 0
YER022W, 189, GAT, 1
YER022W, 190, CTC, 0
YER022W, 198, CTG, 0
YER022W, 203, CAG, 3
YER022W, 204, AAC, 0
YER022W, 206, CAT, 0
YER022W, 211, AAG, 0
YER022W, 214, CAG, 2
YER022W, 218, AAC, 1
YER022W, 219, AAG, 1
YER022W, 220, GAT, 0
YER022W, 224, AAG, 0
YER022W, 226, AGG, 0
YER022W, 228, AGG, 3
YER022W, 232, CAA, 0
YER022W, 233, AAG, 0
YER022W, 234, CTG, 0
YER022W, 238, AAG, 3
YER022W, 245, GGA, 0
YER022W, 249, AAG, 2
YER022W, 250, CAT, 0
YER022W, 258, AGG, 1
YER022W, 264, CAA, 0
YER022W, 267, GAT, 0
YER022W, 271, CAC, 2
YER022W, 275, GTG, 7
YER022W, 280, GAT, 1
YER022W, 283, CAT, 1
YER022W, 286, AAG, 1
YER022W, 290, AGG, 0
YER022W, 292, CGT, 0
YER022W, 293, ATC, 2
YER022W, 297, ATC, 0
YER022W, 301, GAT, 1
YER022W, 302, GAT, 2
YER022W, 310, GTG, 2
YER022W, 312, GAT, 1
YER022W, 313, AGG, 0
YER022W, 314, GAT, 1
YER022W, 322, ACG, 4
YER022W, 324, GAT, 0
YER022W, 325, ATC, 0
YER022W, 327, AAG, 0
YER022W, 328, CAA, 2
YER022W, 329, ATC, 3
YER022W, 330, CAA, 0
YER022W, 334, AAG, 1
YER022W, 335, ATC, 0
YER022W, 341, CTG, 2
YER022W, 344, CAA, 0
YER022W, 346, AAG, 3
YER022W, 361, AAC, 4
YER022W, 363, AAC, 0
YER022W, 364, AAG, 3
YER022W, 371, AAC, 3
YER022W, 376, ATC, 1
YER022W, 383, GAT, 2
YER022W, 389, CAT, 0
YER022W, 391, CAA, 0
YER022W, 394, CCA, 0
YER022W, 396, ATC, 1
YER022W, 397, AAC, 0
YER022W, 399, AAG, 1
YER022W, 417, AAG, 2
YER022W, 421, CGA, 2
YER022W, 428, CAC, 0
YER022W, 429, GGA, 3
YER022W, 430, CTG, 2
YER022W, 431, ATC, 0
YER022W, 437, GAT, 1
YER022W, 438, GAT, 1
YER022W, 439, ATC, 2
YER022W, 443, CGT, 0
YER022W, 450, CGG, 1
YER022W, 456, CTG, 3
YER022W, 461, ATC, 1
YER022W, 463, AAG, 3
YER022W, 464, GAT, 1
YER022W, 466, GTG, 1
YER022W, 467, CTC, 0
YER022W, 468, GAT, 0
YER022W, 478, ACG, 3
YER022W, 484, CAA, 0
YER022W, 486, CAA, 0
YER022W, 490, AAC, 3
YER022W, 492, GAT, 0
YER022W, 493, GAT, 1
YER022W, 503, ATC, 1
YER022W, 504, CGT, 0
YER022W, 507, GAT, 3
YER022W, 515, CGT, 0
YER022W, 517, CTC, 1
YER022W, 522, CCA, 0
YER022W, 526, CAC, 1
YER022W, 535, CTC, 0
YER022W, 539, AAC, 5
YER022W, 541, TGT, 0
YER022W, 542, AAC, 1
YER022W, 544, CTC, 0
YER022W, 546, CAC, 0
YER022W, 547, ATC, 1
YER022W, 548, AAG, 5
YER022W, 553, ACG, 4
YER022W, 556, AAC, 0
YER022W, 558, GTG, 7
YER022W, 566, GAT, 0
YER022W, 575, CAT, 0
YER022W, 582, ATC, 0
YER022W, 583, CAG, 0
YER022W, 584, CAA, 0
YER022W, 585, AAG, 4
YER022W, 586, AAG, 1
YER022W, 587, GTG, 4
YDR520C, 5, AGG, 0
YDR520C, 16, CGT, 0
YDR520C, 18, GAT, 3
YDR520C, 22, AAG, 0
YDR520C, 23, AAG, 1
YDR520C, 24, ATC, 1
YDR520C, 25, AAC, 0
YDR520C, 29, CAC, 0
YDR520C, 30, AAC, 0
YDR520C, 36, CAT, 0
YDR520C, 43, AAC, 0
YDR520C, 46, CAA, 1
YDR520C, 51, AAG, 3
YDR520C, 53, GGA, 9
YDR520C, 54, ACG, 3
YDR520C, 58, GAT, 0
YDR520C, 62, ATC, 0
YDR520C, 63, GAT, 0
YDR520C, 65, AGG, 0
YDR520C, 72, CAC, 0
YDR520C, 77, CAC, 0
YDR520C, 78, CAG, 0
YDR520C, 84, ATC, 0
YDR520C, 88, AAG, 0
YDR520C, 92, AAC, 0
YDR520C, 94, GAT, 0
YDR520C, 95, ATC, 0
YDR520C, 99, GGA, 0
YDR520C, 100, GAT, 5
YDR520C, 101, GAT, 1
YDR520C, 103, CAG, 0
YDR520C, 104, AAC, 0
YDR520C, 105, GTG, 0
YDR520C, 106, GAT, 0
YDR520C, 111, AAG, 0
YDR520C, 112, ACG, 3
YDR520C, 114, GAT, 0
YDR520C, 116, CGT, 0
YDR520C, 123, ACG, 2
YDR520C, 125, AGG, 0
YDR520C, 139, GGA, 0
YDR520C, 141, AAG, 4
YDR520C, 143, AAG, 0
YDR520C, 151, CAT, 0
YDR520C, 152, GAT, 1
YDR520C, 154, GAT, 1
YDR520C, 156, AGG, 2
YDR520C, 159, CCA, 2
YDR520C, 161, AAG, 0
YDR520C, 168, AAG, 0
YDR520C, 171, GGA, 0
YDR520C, 172, CAG, 1
YDR520C, 173, CAA, 0
YDR520C, 174, AGG, 3
YDR520C, 175, CCA, 3
YDR520C, 181, GTG, 1
YDR520C, 182, AAC, 0
YDR520C, 184, CTC, 2
YDR520C, 185, CAT, 1
YDR520C, 191, CAG, 0
YDR520C, 195, CAT, 0
YDR520C, 196, AAG, 0
YDR520C, 202, CTG, 0
YDR520C, 203, GTG, 0
YDR520C, 206, CAT, 0
YDR520C, 211, CCA, 0
YDR520C, 219, GTG, 0
YDR520C, 223, CAC, 0
YDR520C, 225, CAC, 0
YDR520C, 235, ATC, 1
YDR520C, 242, AAC, 1
YDR520C, 243, GAT, 0
YDR520C, 249, CAA, 0
YDR520C, 256, GTG, 0
YDR520C, 260, CTC, 0
YDR520C, 263, ACG, 0
YDR520C, 269, AAG, 0
YDR520C, 274, GAT, 2
YDR520C, 282, TGT, 0
YDR520C, 285, CAT, 0
YDR520C, 288, CGA, 0
YDR520C, 289, AAG, 0
YDR520C, 291, AAG, 4
YDR520C, 294, AGG, 3
YDR520C, 295, CAA, 0
YDR520C, 296, CTG, 3
YDR520C, 297, AAG, 0
YDR520C, 301, CTG, 0
YDR520C, 308, CTC, 0
YDR520C, 313, CAT, 0
YDR520C, 316, GAT, 2
YDR520C, 319, CAG, 0
YDR520C, 321, AAG, 1
YDR520C, 322, GAT, 0
YDR520C, 323, AGG, 0
YDR520C, 329, GTG, 0
YDR520C, 334, GAT, 0
YDR520C, 337, CAT, 0
YDR520C, 357, GAT, 0
YDR520C, 359, AGG, 0
YDR520C, 361, CAG, 1
YDR520C, 362, GAT, 0
YDR520C, 363, GAT, 0
YDR520C, 372, GTG, 0
YDR520C, 377, CAG, 0
YDR520C, 382, GAT, 0
YDR520C, 386, ATC, 0
YDR520C, 394, ATC, 0
YDR520C, 398, ATC, 0
YDR520C, 401, AAC, 0
YDR520C, 408, CAG, 0
YDR520C, 409, TGT, 0
YDR520C, 411, GAT, 0
YDR520C, 414, AAC, 1
YDR520C, 419, GGA, 0
YDR520C, 421, AAC, 0
YDR520C, 423, GAT, 1
YDR520C, 426, ATC, 0
YDR520C, 430, CCA, 0
YDR520C, 436, CTG, 2
YDR520C, 445, AAG, 0
YDR520C, 446, GAT, 1
YDR520C, 450, GTG, 3
YDR520C, 456, GAT, 0
YDR520C, 459, CAT, 0
YDR520C, 460, ATC, 0
YDR520C, 463, TGT, 0
YDR520C, 467, ATC, 0
YDR520C, 473, ACG, 2
YDR520C, 477, AAC, 1
YDR520C, 478, CAA, 0
YDR520C, 479, AGG, 1
YDR520C, 487, ACG, 0
YDR520C, 491, CAT, 0
YDR520C, 495, CTG, 1
YDR520C, 503, CCG, 0
YDR520C, 504, CCA, 1
YDR520C, 505, ACG, 17
YDR520C, 508, AGG, 0
YDR520C, 511, CCG, 2
YDR520C, 515, TGT, 0
YDR520C, 516, CAT, 0
YDR520C, 517, CAA, 0
YDR520C, 522, TGT, 0
YDR520C, 526, TGT, 0
YDR520C, 533, GAT, 0
YDR520C, 537, CGT, 3
YDR520C, 538, CAA, 0
YDR520C, 544, TGT, 0
YDR520C, 547, GTG, 1
YDR520C, 550, CAT, 0
YDR520C, 563, GAT, 0
YDR520C, 564, AAC, 0
YDR520C, 566, GGA, 0
YDR520C, 568, ATC, 0
YDR520C, 574, GAT, 0
YDR520C, 577, AAG, 0
YDR520C, 579, CGT, 0
YDR520C, 591, GAT, 0
YDR520C, 593, GAT, 0
YDR520C, 601, AAC, 0
YDR520C, 604, GGA, 1
YDR520C, 606, GGA, 0
YDR520C, 608, CTG, 0
YDR520C, 609, CAC, 0
YDR520C, 624, CAC, 0
YDR520C, 626, AAC, 0
YDR520C, 631, CAC, 0
YDR520C, 639, CAA, 0
YDR520C, 648, CAG, 0
YDR520C, 649, GAT, 0
YDR520C, 652, GAT, 0
YDR520C, 656, CCA, 0
YDR520C, 659, CAA, 0
YDR520C, 665, GAT, 0
YDR520C, 666, AAG, 0
YDR520C, 667, AAG, 0
YDR520C, 670, CAA, 0
YNL084C, 4, AAG, 2
YNL084C, 5, AAG, 29
YNL084C, 7, AAG, 4
YNL084C, 8, CAA, 24
YNL084C, 11, AAC, 4
YNL084C, 16, CCA, 25
YNL084C, 17, AAG, 3
YNL084C, 18, AAG, 17
YNL084C, 20, ATC, 4
YNL084C, 23, GAT, 19
YNL084C, 28, CCA, 30
YNL084C, 29, GAT, 45
YNL084C, 30, GAT, 13
YNL084C, 33, CAA, 21
YNL084C, 41, TGT, 0
YNL084C, 46, GAT, 4
YNL084C, 52, AAC, 4
YNL084C, 54, CTG, 13
YNL084C, 64, AAC, 3
YNL084C, 65, ATC, 2
YNL084C, 67, AAG, 2
YNL084C, 69, GAT, 35
YNL084C, 72, AAG, 38
YNL084C, 78, AAC, 2
YNL084C, 79, CCA, 48
YNL084C, 80, CAA, 1
YNL084C, 83, CCA, 21
YNL084C, 86, GAT, 4
YNL084C, 88, GAT, 6
YNL084C, 95, CAC, 0
YNL084C, 96, TGT, 1
YNL084C, 99, CAA, 2
YNL084C, 102, GAT, 48
YNL084C, 108, CCA, 3
YNL084C, 112, CCA, 18
YNL084C, 115, CTG, 35
YNL084C, 118, GTG, 17
YNL084C, 123, CAA, 2
YNL084C, 124, CTG, 15
YNL084C, 127, GAT, 4
YNL084C, 129, CGG, 34
YNL084C, 132, CAA, 7
YNL084C, 136, AAG, 6
YNL084C, 142, AAC, 0
YNL084C, 144, GTG, 12
YNL084C, 147, CTG, 44
YNL084C, 148, CGT, 12
YNL084C, 152, CAG, 33
YNL084C, 153, AAC, 29
YNL084C, 157, GAT, 5
YNL084C, 162, AAC, 2
YNL084C, 163, GTG, 29
YNL084C, 171, AAG, 26
YNL084C, 172, CAA, 1
YNL084C, 177, CTG, 10
YNL084C, 179, GAT, 6
YNL084C, 180, GAT, 5
YNL084C, 181, CAA, 9
YNL084C, 184, AAC, 7
YNL084C, 188, CAA, 1
YNL084C, 194, AAC, 23
YNL084C, 197, AAG, 8
YNL084C, 202, CAA, 3
YNL084C, 203, GGA, 25
YNL084C, 209, AAG, 11
YNL084C, 210, CGG, 7
YNL084C, 212, AAC, 5
YNL084C, 213, ATC, 5
YNL084C, 214, AGG, 35
YNL084C, 218, GAT, 3
YNL084C, 221, GAT, 10
YNL084C, 222, AAC, 10
YNL084C, 225, CAG, 14
YNL084C, 226, CAG, 2
YNL084C, 235, AAC, 2
YNL084C, 237, AAG, 18
YNL084C, 239, CAC, 4
YNL084C, 242, CAA, 4
YNL084C, 245, CAA, 0
YNL084C, 248, ATC, 4
YDL087C, 3, CGG, 4
YDL087C, 8, TGT, 0
YDL087C, 11, CAG, 5
YDL087C, 17, CAA, 0
YDL087C, 21, CAC, 1
YDL087C, 26, CGA, 2
YDL087C, 28, AAG, 0
YDL087C, 30, CAG, 1
YDL087C, 31, CAG, 0
YDL087C, 37, GAT, 0
YDL087C, 41, GTG, 1
YDL087C, 42, CGG, 4
YDL087C, 47, GGA, 0
YDL087C, 48, CAA, 1
YDL087C, 51, GAT, 2
YDL087C, 55, CGT, 0
YDL087C, 57, GAT, 2
YDL087C, 65, CAG, 1
YDL087C, 70, CAA, 0
YDL087C, 72, CTG, 0
YDL087C, 76, AGG, 3
YDL087C, 82, CGT, 0
YDL087C, 84, CGA, 0
YDL087C, 85, AAC, 0
YDL087C, 89, AAC, 3
YDL087C, 90, GTG, 2
YDL087C, 92, CAG, 0
YDL087C, 95, CAG, 0
YDL087C, 96, CAA, 0
YDL087C, 97, AAG, 1
YDL087C, 99, CAG, 4
YDL087C, 103, GTG, 2
YDL087C, 104, TGT, 1
YDL087C, 110, CGT, 0
YDL087C, 112, GAT, 0
YDL087C, 116, AGG, 1
YDL087C, 120, CAC, 0
YDL087C, 124, AAG, 1
YDL087C, 126, CAT, 2
YDL087C, 127, CTG, 0
YDL087C, 128, GGA, 0
YDL087C, 131, AAG, 0
YDL087C, 135, GAT, 2
YDL087C, 137, GAT, 2
YDL087C, 138, CGG, 2
YDL087C, 141, AAG, 0
YDL087C, 143, AAC, 0
YDL087C, 144, CGG, 0
YDL087C, 147, AAC, 2
YDL087C, 150, AAG, 0
YDL087C, 157, GGA, 6
YDL087C, 161, GTG, 1
YGL019W, 2, CAT, 8
YGL019W, 3, GAT, 10
YGL019W, 7, AGG, 29
YGL019W, 9, AAC, 6
YGL019W, 10, AAG, 51
YGL019W, 12, CCA, 12
YGL019W, 13, GTG, 13
YGL019W, 14, GTG, 11
YGL019W, 15, AAC, 15
YGL019W, 16, AAG, 3
YGL019W, 19, ATC, 0
YGL019W, 21, CAC, 4
YGL019W, 25, CAG, 16
YGL019W, 28, GGA, 8
YGL019W, 31, CAT, 4
YGL019W, 36, CTG, 7
YGL019W, 38, AAG, 12
YGL019W, 39, CCA, 3
YGL019W, 41, CTG, 11
YGL019W, 42, CAA, 0
YGL019W, 50, CAC, 0
YGL019W, 51, AAG, 6
YGL019W, 54, GGA, 0
YGL019W, 55, ACG, 10
YGL019W, 58, CGT, 12
YGL019W, 61, TGT, 4
YGL019W, 65, CAG, 0
YGL019W, 67, CTG, 8
YGL019W, 69, TGT, 16
YGL019W, 73, GAT, 15
YGL019W, 78, CAC, 5
YGL019W, 81, AGG, 22
YGL019W, 84, TGT, 3
YGL019W, 87, TGT, 1
YGL019W, 88, CAG, 2
YGL019W, 94, CAA, 2
YGL019W, 99, CTG, 11
YGL019W, 113, GTG, 5
YGL019W, 117, CAT, 5
YGL019W, 125, GTG, 2
YGL019W, 127, AGG, 2
YGL019W, 141, AGG, 24
YGL019W, 144, GAT, 13
YGL019W, 153, AAG, 27
YGL019W, 157, CAA, 6
YGL019W, 159, CCA, 9
YGL019W, 161, ACG, 5
YGL019W, 176, CCG, 4
YDL188C, 4, GTG, 0
YDL188C, 6, GTG, 0
YDL188C, 8, CAG, 0
YDL188C, 15, CCA, 0
YDL188C, 17, AAC, 0
YDL188C, 18, GTG, 0
YDL188C, 23, TGT, 0
YDL188C, 27, CAC, 0
YDL188C, 29, CAA, 0
YDL188C, 31, CAT, 0
YDL188C, 38, AAG, 6
YDL188C, 43, TGT, 0
YDL188C, 53, GAT, 0
YDL188C, 55, GTG, 0
YDL188C, 56, GAT, 0
YDL188C, 58, GGA, 0
YDL188C, 76, CCA, 0
YDL188C, 77, CAT, 2
YDL188C, 83, AGG, 3
YDL188C, 86, CAC, 6
YDL188C, 89, AGG, 0
YDL188C, 90, CAG, 0
YDL188C, 93, CAA, 0
YDL188C, 101, TGT, 1
YDL188C, 104, AAG, 1
YDL188C, 109, AAC, 0
YDL188C, 110, GTG, 1
YDL188C, 116, GAT, 0
YDL188C, 119, GAT, 0
YDL188C, 127, GTG, 0
YDL188C, 128, GAT, 13
YDL188C, 131, ATC, 3
YDL188C, 133, TGT, 3
YDL188C, 135, CAT, 0
YDL188C, 136, GGA, 2
YDL188C, 138, CTC, 2
YDL188C, 146, GAT, 3
YDL188C, 147, CAA, 0
YDL188C, 150, GAT, 2
YDL188C, 155, CAG, 0
YDL188C, 157, GTG, 19
YDL188C, 159, CAC, 0
YDL188C, 162, CCA, 0
YDL188C, 164, TGT, 0
YDL188C, 170, GAT, 0
YDL188C, 172, GAT, 39
YDL188C, 173, GAT, 52
YDL188C, 176, GGA, 4
YDL188C, 178, GGA, 0
YDL188C, 179, ATC, 0
YDL188C, 181, CCG, 0
YDL188C, 190, CAA, 3
YDL188C, 192, ATC, 5
YDL188C, 195, CAA, 2
YDL188C, 198, CAC, 0
YDL188C, 209, CAC, 0
YDL188C, 210, CAA, 0
YDL188C, 215, GGA, 0
YDL188C, 220, CAC, 0
YDL188C, 221, CAG, 0
YDL188C, 222, CAA, 0
YDL188C, 231, CCA, 4
YDL188C, 234, TGT, 2
YDL188C, 237, TGT, 2
YDL188C, 239, AAC, 3
YDL188C, 240, CAG, 1
YDL188C, 246, GTG, 4
YDL188C, 247, GAT, 1
YDL188C, 249, AAC, 18
YDL188C, 250, CAT, 1
YDL188C, 252, AGG, 11
YDL188C, 253, CAA, 1
YDL188C, 256, CAA, 0
YDL188C, 258, GAT, 0
YDL188C, 259, CCA, 0
YDL188C, 261, GTG, 2
YDL188C, 266, CCA, 11
YDL188C, 270, AGG, 3
YDL188C, 271, AAG, 7
YDL188C, 273, CCG, 3
YDL188C, 274, GAT, 2
YJR091C, 3, AAG, 11
YJR091C, 5, CCA, 0
YJR091C, 6, AGG, 0
YJR091C, 11, AGG, 5
YJR091C, 13, AAG, 1
YJR091C, 25, GAT, 3
YJR091C, 34, CAA, 0
YJR091C, 40, GTG, 8
YJR091C, 41, CAT, 2
YJR091C, 48, AAC, 12
YJR091C, 55, CGA, 2
YJR091C, 56, GGA, 4
YJR091C, 62, AAC, 0
YJR091C, 64, CCA, 2
YJR091C, 65, CAT, 0
YJR091C, 66, CAG, 0
YJR091C, 67, ATC, 9
YJR091C, 69, AGG, 4
YJR091C, 70, ACG, 0
YJR091C, 72, AAC, 0
YJR091C, 73, AAC, 0
YJR091C, 78, CAG, 1
YJR091C, 85, ATC, 1
YJR091C, 88, AAG, 3
YJR091C, 90, CGT, 6
YJR091C, 94, GGA, 0
YJR091C, 103, AAC, 1
YJR091C, 104, GAT, 5
YJR091C, 107, CAA, 1
YJR091C, 108, CAG, 3
YJR091C, 109, CAC, 0
YJR091C, 112, CAA, 1
YJR091C, 113, CAA, 0
YJR091C, 115, CAA, 0
YJR091C, 117, ACG, 1
YJR091C, 126, AAC, 0
YJR091C, 127, ACG, 2
YJR091C, 128, CTC, 1
YJR091C, 129, AAC, 1
YJR091C, 130, GAT, 0
YJR091C, 140, AAC, 0
YJR091C, 146, GGA, 3
YJR091C, 148, CAA, 0
YJR091C, 151, GAT, 1
YJR091C, 153, AAG, 0
YJR091C, 156, ACG, 0
YJR091C, 158, AAC, 0
YJR091C, 161, ATC, 1
YJR091C, 162, CCA, 0
YJR091C, 163, AAC, 2
YJR091C, 171, CAG, 0
YJR091C, 174, CAA, 7
YJR091C, 176, AAC, 1
YJR091C, 185, CCA, 0
YJR091C, 186, CTG, 10
YJR091C, 189, CAG, 0
YJR091C, 192, CGT, 0
YJR091C, 198, CAC, 0
YJR091C, 202, CCA, 1
YJR091C, 204, CAG, 3
YJR091C, 207, CCA, 4
YJR091C, 211, GAT, 4
YJR091C, 214, GAT, 0
YJR091C, 215, CCG, 2
YJR091C, 216, CAA, 2
YJR091C, 218, ATC, 1
YJR091C, 228, CCA, 1
YJR091C, 231, AAC, 0
YJR091C, 232, CAA, 0
YJR091C, 235, AAC, 1
YJR091C, 246, AAC, 0
YJR091C, 251, CAG, 3
YJR091C, 252, CAC, 0
YJR091C, 253, CAG, 11
YJR091C, 254, CAG, 1
YJR091C, 255, CCA, 1
YJR091C, 256, CAA, 0
YJR091C, 259, AAC, 0
YJR091C, 262, AAC, 2
YJR091C, 282, AGG, 3
YJR091C, 285, AGG, 4
YJR091C, 288, AAC, 2
YJR091C, 297, GTG, 6
YJR091C, 305, GAT, 4
YJR091C, 308, CAG, 0
YJR091C, 310, AAG, 0
YJR091C, 316, GGA, 4
YJR091C, 318, CCA, 0
YJR091C, 326, ATC, 2
YJR091C, 330, CAT, 0
YJR091C, 331, CAA, 0
YJR091C, 332, CAA, 0
YJR091C, 334, CCA, 0
YJR091C, 335, CAA, 0
YJR091C, 338, CTC, 0
YJR091C, 341, CAA, 0
YJR091C, 344, CCA, 0
YJR091C, 349, AAC, 2
YJR091C, 350, AAC, 1
YJR091C, 353, CAA, 0
YJR091C, 354, CCA, 3
YJR091C, 355, CAG, 3
YJR091C, 359, CAG, 1
YJR091C, 361, CAG, 2
YJR091C, 365, GGA, 1
YJR091C, 367, GTG, 2
YJR091C, 370, CAA, 1
YJR091C, 371, CAA, 0
YJR091C, 372, CAA, 0
YJR091C, 373, GGA, 0
YJR091C, 381, AAC, 0
YJR091C, 382, CAG, 2
YJR091C, 383, CAA, 0
YJR091C, 385, CAA, 1
YJR091C, 386, CAA, 0
YJR091C, 388, CAG, 1
YJR091C, 389, CAC, 0
YJR091C, 390, CAA, 0
YJR091C, 391, AAC, 5
YJR091C, 392, CAT, 1
YJR091C, 403, CTC, 2
YJR091C, 404, CAT, 0
YJR091C, 409, AAC, 0
YJR091C, 413, CAC, 0
YJR091C, 414, GGA, 3
YJR091C, 415, AAC, 1
YJR091C, 416, AAC, 0
YJR091C, 418, AAC, 2
YJR091C, 425, CAA, 0
YJR091C, 426, TGT, 1
YJR091C, 431, CCA, 2
YJR091C, 432, CCA, 1
YJR091C, 434, AAC, 9
YJR091C, 436, AAC, 5
YJR091C, 438, AAG, 3
YJR091C, 440, GAT, 2
YJR091C, 445, ATC, 3
YJR091C, 446, ATC, 0
YJR091C, 454, GAT, 0
YJR091C, 457, CAA, 1
YJR091C, 458, ATC, 2
YJR091C, 466, CTG, 2
YJR091C, 468, CAC, 1
YJR091C, 473, GAT, 2
YJR091C, 474, ACG, 2
YJR091C, 475, CAA, 2
YJR091C, 476, AAC, 0
YJR091C, 478, GGA, 2
YJR091C, 481, CCA, 2
YJR091C, 483, CCA, 5
YJR091C, 487, AGG, 1
YJR091C, 490, GAT, 0
YJR091C, 491, CCA, 0
YJR091C, 492, CCA, 11
YJR091C, 498, CGA, 2
YJR091C, 501, ATC, 0
YJR091C, 502, GAT, 1
YJR091C, 504, AAC, 0
YJR091C, 511, ATC, 0
YJR091C, 513, CAG, 0
YJR091C, 528, GAT, 0
YJR091C, 532, AAC, 3
YJR091C, 534, ATC, 2
YJR091C, 536, CAA, 0
YJR091C, 541, CAT, 0
YJR091C, 544, GAT, 4
YJR091C, 549, ATC, 5
YJR091C, 551, CTG, 4
YJR091C, 552, AGG, 1
YJR091C, 564, CAC, 1
YJR091C, 566, AAC, 7
YJR091C, 567, GGA, 0
YJR091C, 571, TGT, 1
YJR091C, 572, CAG, 1
YJR091C, 573, AAG, 3
YJR091C, 575, ATC, 1
YJR091C, 579, CAT, 0
YJR091C, 581, CCG, 2
YJR091C, 583, CAA, 4
YJR091C, 584, ATC, 0
YJR091C, 586, CAA, 3
YJR091C, 587, GTG, 8
YJR091C, 588, ACG, 1
YJR091C, 589, CAA, 1
YJR091C, 592, AAG, 3
YJR091C, 595, TGT, 0
YJR091C, 597, CCA, 1
YJR091C, 599, ATC, 2
YJR091C, 602, CAA, 0
YJR091C, 604, GGA, 4
YJR091C, 609, CAG, 0
YJR091C, 615, GGA, 7
YJR091C, 619, AAC, 0
YJR091C, 620, CAG, 0
YJR091C, 635, CAG, 0
YJR091C, 641, AGG, 10
YJR091C, 646, TGT, 1
YJR091C, 650, CAT, 0
YJR091C, 657, CAA, 0
YJR091C, 665, ATC, 1
YJR091C, 683, ACG, 1
YJR091C, 687, GAT, 0
YJR091C, 693, AAC, 3
YJR091C, 695, CAT, 0
YJR091C, 697, ATC, 0
YJR091C, 700, CCA, 1
YJR091C, 703, ACG, 6
YJR091C, 710, TGT, 4
YJR091C, 712, CAC, 0
YJR091C, 721, AAG, 0
YJR091C, 728, GAT, 4
YJR091C, 729, GAT, 0
YJR091C, 730, AAC, 2
YJR091C, 734, ATC, 0
YJR091C, 735, ATC, 2
YJR091C, 737, GAT, 2
YJR091C, 741, GGA, 3
YJR091C, 742, AAC, 0
YJR091C, 743, GTG, 0
YJR091C, 744, AAC, 0
YJR091C, 746, CAC, 0
YJR091C, 747, GAT, 0
YJR091C, 750, CCA, 2
YJR091C, 751, CCA, 2
YJR091C, 752, AAG, 2
YJR091C, 756, AAG, 2
YJR091C, 759, TGT, 1
YJR091C, 765, CCA, 0
YJR091C, 769, CAT, 0
YJR091C, 775, CCA, 0
YJR091C, 779, GAT, 3
YJR091C, 784, CAC, 0
YJR091C, 785, ATC, 0
YJR091C, 788, CAA, 0
YJR091C, 794, ACG, 1
YJR091C, 795, GAT, 4
YJR091C, 798, CAA, 5
YJR091C, 799, ATC, 2
YJR091C, 800, CAA, 0
YJR091C, 801, CCA, 1
YJR091C, 804, CGT, 2
YJR091C, 818, CAT, 2
YJR091C, 819, AAC, 0
YJR091C, 820, AAG, 0
YJR091C, 823, CAA, 1
YJR091C, 824, CAA, 1
YJR091C, 825, CAG, 0
YJR091C, 826, CAG, 0
YJR091C, 827, CAG, 6
YJR091C, 828, CAT, 2
YJR091C, 829, CAT, 1
YJR091C, 830, AAC, 1
YJR091C, 835, CAC, 0
YJR091C, 841, GAT, 1
YJR091C, 844, GGA, 1
YJR091C, 845, CAA, 8
YJR091C, 846, CAC, 0
YJR091C, 859, GGA, 1
YJR091C, 862, CAT, 0
YJR091C, 866, AAC, 0
YJR091C, 868, ACG, 2
YJR091C, 880, CCG, 3
YJR091C, 882, CAA, 7
YJR091C, 883, CCA, 1
YJR091C, 909, AAC, 3
YJR091C, 913, GGA, 0
YJR091C, 917, AAC, 1
YJR091C, 918, AAC, 3
YJR091C, 919, GAT, 2
YJR091C, 924, CAG, 2
YJR091C, 926, GAT, 2
YJR091C, 929, AAC, 5
YJR091C, 932, AAC, 1
YJR091C, 933, GGA, 0
YJR091C, 935, CGT, 0
YJR091C, 939, CCA, 2
YJR091C, 940, CAA, 0
YJR091C, 941, CTG, 3
YJR091C, 945, AAC, 0
YJR091C, 946, CAT, 1
YJR091C, 947, AAC, 1
YJR091C, 948, AAC, 0
YJR091C, 955, AAC, 0
YJR091C, 961, CAA, 2
YJR091C, 963, CAT, 0
YJR091C, 964, ACG, 1
YJR091C, 965, AAC, 4
YJR091C, 966, AAC, 0
YJR091C, 967, AAC, 0
YJR091C, 968, AAC, 0
YJR091C, 971, AAC, 0
YJR091C, 972, AAC, 1
YJR091C, 973, ACG, 2
YJR091C, 974, AAC, 1
YJR091C, 976, AAC, 1
YJR091C, 978, GAT, 0
YJR091C, 979, AAC, 0
YJR091C, 985, CTG, 4
YJR091C, 988, CAC, 0
YJR091C, 991, AAC, 0
YOL126C, 5, CCA, 6
YOL126C, 12, CGT, 1
YOL126C, 13, GAT, 2
YOL126C, 17, AAC, 3
YOL126C, 18, GTG, 12
YOL126C, 22, ATC, 0
YOL126C, 25, CAG, 0
YOL126C, 26, CTC, 0
YOL126C, 28, GAT, 6
YOL126C, 33, TGT, 2
YOL126C, 34, TGT, 1
YOL126C, 35, GAT, 5
YOL126C, 38, AAG, 0
YOL126C, 46, AAC, 4
YOL126C, 53, CCA, 4
YOL126C, 54, GTG, 9
YOL126C, 58, AAC, 10
YOL126C, 61, AAG, 0
YOL126C, 62, AAC, 7
YOL126C, 63, CAT, 7
YOL126C, 65, CAG, 26
YOL126C, 74, AGG, 45
YOL126C, 75, ATC, 4
YOL126C, 80, AAG, 2
YOL126C, 81, CTC, 19
YOL126C, 91, CGT, 4
YOL126C, 94, AAC, 5
YOL126C, 102, CGT, 2
YOL126C, 104, AAC, 1
YOL126C, 115, CAT, 1
YOL126C, 122, CCG, 6
YOL126C, 126, CAG, 2
YOL126C, 128, AAC, 13
YOL126C, 136, GAT, 5
YOL126C, 137, CAA, 5
YOL126C, 143, CAT, 0
YOL126C, 146, CAA, 8
YOL126C, 150, GAT, 7
YOL126C, 152, GTG, 11
YOL126C, 154, AAG, 7
YOL126C, 156, AAG, 17
YOL126C, 157, AAC, 2
YOL126C, 168, CAT, 1
YOL126C, 172, AAG, 3
YOL126C, 173, TGT, 0
YOL126C, 176, CAA, 0
YOL126C, 184, AAC, 2
YOL126C, 187, CAG, 6
YOL126C, 188, ATC, 5
YOL126C, 189, CAT, 2
YOL126C, 190, GGA, 19
YOL126C, 194, GTG, 4
YOL126C, 195, CCA, 9
YOL126C, 198, GAT, 13
YOL126C, 200, AAC, 3
YOL126C, 201, AAC, 22
YOL126C, 209, GAT, 7
YOL126C, 210, CAA, 1
YOL126C, 214, CTG, 23
YOL126C, 215, GTG, 9
YOL126C, 224, CCA, 5
YOL126C, 230, AAG, 13
YOL126C, 235, GTG, 5
YOL126C, 236, GAT, 2
YOL126C, 239, ATC, 7
YOL126C, 242, AGG, 7
YOL126C, 244, AAC, 13
YOL126C, 249, AAC, 9
YOL126C, 250, CAA, 6
YOL126C, 253, CCA, 0
YOL126C, 258, CAG, 6
YOL126C, 260, AAG, 16
YOL126C, 263, ATC, 6
YOL126C, 264, GAT, 0
YOL126C, 265, AAG, 11
YOR160W, 6, CAA, 0
YOR160W, 7, CTG, 5
YOR160W, 13, CGT, 2
YOR160W, 16, ATC, 1
YOR160W, 17, CAA, 0
YOR160W, 22, CAG, 5
YOR160W, 24, CCA, 12
YOR160W, 28, ATC, 0
YOR160W, 36, CCA, 0
YOR160W, 41, AAC, 1
YOR160W, 61, GTG, 1
YOR160W, 68, CAT, 2
YOR160W, 72, GAT, 1
YOR160W, 73, CCG, 1
YOR160W, 77, GAT, 2
YOR160W, 90, CAA, 0
YOR160W, 104, CAA, 0
YOR160W, 107, CGG, 5
YOR160W, 108, TGT, 1
YOR160W, 110, AAC, 0
YOR160W, 120, CAG, 0
YOR160W, 125, CAA, 0
YOR160W, 130, CTC, 0
YOR160W, 131, GTG, 2
YOR160W, 147, GAT, 0
YOR160W, 151, GAT, 2
YOR160W, 152, TGT, 0
YOR160W, 153, CTC, 6
YOR160W, 156, ATC, 0
YOR160W, 157, CTC, 2
YOR160W, 162, GAT, 3
YOR160W, 167, CAG, 0
YOR160W, 174, CAT, 0
YOR160W, 175, CAG, 0
YOR160W, 180, CAA, 0
YOR160W, 187, CTG, 9
YOR160W, 191, CAT, 0
YOR160W, 194, AAC, 1
YOR160W, 195, GAT, 4
YOR160W, 198, GAT, 1
YOR160W, 200, GAT, 0
YOR160W, 201, CTC, 0
YOR160W, 207, CGA, 2
YOR160W, 223, AAC, 3
YOR160W, 225, GAT, 0
YOR160W, 229, CCA, 0
YOR160W, 245, GAT, 0
YOR160W, 256, AAC, 1
YOR160W, 259, CAA, 1
YOR160W, 264, CCA, 0
YOR160W, 267, CAA, 0
YOR160W, 275, GAT, 1
YOR160W, 287, CAT, 0
YOR160W, 289, CAA, 0
YOR160W, 291, CCA, 0
YOR160W, 294, CAG, 0
YOR160W, 302, GAT, 0
YOR160W, 306, GAT, 0
YOR160W, 308, AGG, 13
YOR160W, 310, CAT, 2
YOR160W, 313, GAT, 0
YOR160W, 314, GTG, 0
YOR160W, 318, TGT, 5
YOR160W, 321, GTG, 1
YOR160W, 322, GTG, 1
YOR160W, 323, GGA, 10
YOR160W, 330, CAA, 0
YOR160W, 331, CCA, 0
YOR160W, 336, AAG, 2
YOR160W, 341, AAC, 4
YOR160W, 342, AAC, 1
YOR160W, 346, CAA, 0
YOR160W, 351, CCA, 0
YOR160W, 355, CTG, 6
YOR160W, 356, AGG, 0
YOR160W, 367, AAC, 1
YOR160W, 371, CCA, 0
YOR160W, 373, ATC, 3
YOR160W, 376, ATC, 0
YOR160W, 378, TGT, 0
YOR160W, 379, AAC, 1
YOR160W, 381, CCA, 1
YOR160W, 383, CAG, 0
YOR160W, 385, AAG, 1
YOR160W, 387, AGG, 0
YOR160W, 403, AAG, 0
YOR160W, 404, CAT, 1
YOR160W, 405, CCA, 3
YOR160W, 411, CAA, 0
YOR160W, 413, CAA, 0
YOR160W, 417, AAC, 0
YOR160W, 420, CAA, 10
YOR160W, 421, CTG, 1
YOR160W, 422, CAT, 1
YOR160W, 427, GAT, 0
YOR160W, 429, CAA, 0
YOR160W, 432, ATC, 0
YOR160W, 437, CAT, 1
YOR160W, 443, TGT, 2
YOR160W, 455, GAT, 2
YOR160W, 456, CAG, 3
YOR160W, 462, CTC, 1
YOR160W, 463, AAC, 0
YOR160W, 464, GTG, 4
YOR160W, 465, CAG, 3
YOR160W, 469, GAT, 2
YOR160W, 473, CAA, 0
YOR160W, 477, TGT, 0
YOR160W, 478, CAA, 4
YOR160W, 479, GGA, 1
YOR160W, 487, CAG, 1
YOR160W, 488, CCA, 1
YOR160W, 497, CAA, 0
YOR160W, 498, AAG, 3
YOR160W, 499, CTC, 0
YOR160W, 501, GAT, 0
YOR160W, 502, GAT, 0
YOR160W, 505, CGA, 5
YOR160W, 506, CAA, 6
YOR160W, 507, ATC, 4
YOR160W, 513, CAA, 0
YOR160W, 518, CCA, 13
YOR160W, 519, ACG, 2
YOR160W, 520, CTC, 0
YOR160W, 523, CCA, 1
YOR160W, 524, CAG, 7
YOR160W, 527, GAT, 0
YOR160W, 528, AAG, 3
YOR160W, 530, GAT, 1
YOR160W, 541, CCG, 1
YOR160W, 547, CAG, 3
YOR160W, 548, CAA, 0
YOR160W, 549, GGA, 1
YOR160W, 554, CTC, 1
YOR160W, 556, AGG, 2
YOR160W, 562, AAG, 1
YOR160W, 567, CTG, 3
YOR160W, 570, GAT, 2
YOR160W, 576, GAT, 2
YOR160W, 579, ATC, 0
YOR160W, 595, CAT, 0
YOR160W, 600, CCA, 0
YOR160W, 610, ATC, 0
YOR160W, 611, CAA, 0
YOR160W, 615, ACG, 1
YOR160W, 617, GGA, 5
YOR160W, 622, CTG, 0
YOR160W, 624, TGT, 0
YOR160W, 635, GAT, 1
YOR160W, 642, CCG, 3
YOR160W, 644, CTG, 1
YOR160W, 646, GAT, 4
YOR160W, 653, CTC, 0
YOR160W, 655, CAA, 0
YOR160W, 658, ACG, 3
YOR160W, 661, CTG, 2
YOR160W, 664, AAC, 0
YOR160W, 665, AAG, 1
YOR160W, 667, GAT, 1
YOR160W, 670, CAA, 3
YOR160W, 672, AAC, 7
YOR160W, 673, GAT, 2
YOR160W, 675, CAT, 1
YOR160W, 679, ATC, 0
YOR160W, 680, GAT, 1
YOR160W, 707, CTG, 1
YOR160W, 711, CTC, 1
YOR160W, 713, TGT, 3
YOR160W, 716, AAG, 4
YOR160W, 718, GAT, 5
YOR160W, 719, AAC, 3
YOR160W, 721, GAT, 0
YOR160W, 725, TGT, 0
YOR160W, 726, ATC, 1
YOR160W, 728, CGT, 0
YOR160W, 731, GAT, 0
YOR160W, 732, GAT, 1
YOR160W, 733, ATC, 2
YOR160W, 739, AAG, 2
YOR160W, 741, CCA, 0
YOR160W, 742, CCG, 2
YOR160W, 743, ATC, 3
YOR160W, 746, GTG, 3
YOR160W, 748, ATC, 0
YOR160W, 752, CCA, 0
YOR160W, 753, GAT, 5
YOR160W, 756, AGG, 0
YOR160W, 757, AAG, 0
YOR160W, 758, CAA, 1
YOR160W, 761, AAC, 0
YOR160W, 764, GTG, 3
YOR160W, 767, CAC, 1
YOR160W, 769, AAC, 2
YOR160W, 770, CAA, 0
YOR160W, 774, GTG, 3
YOR160W, 777, ATC, 5
YOR160W, 779, CTG, 0
YOR160W, 785, AAC, 0
YOR160W, 788, CAT, 0
YOR160W, 790, GAT, 1
YOR160W, 792, ATC, 0
YOR160W, 794, TGT, 0
YOR160W, 798, TGT, 0
YOR160W, 800, AGG, 0
YOR160W, 806, AAC, 5
YOR160W, 807, AAC, 2
YOR160W, 808, AAC, 0
YOR160W, 809, GAT, 0
YOR160W, 814, ATC, 0
YOR160W, 815, GAT, 1
YOR160W, 820, GTG, 2
YOR160W, 821, GTG, 6
YOR160W, 823, CAA, 1
YOR160W, 826, CAA, 0
YOR160W, 833, GAT, 0
YOR160W, 837, AAG, 2
YOR160W, 839, GTG, 4
YOR160W, 846, AAG, 2
YOR160W, 847, GAT, 4
YOR160W, 850, AAG, 2
YOR160W, 851, GTG, 2
YOR160W, 852, AGG, 0
YOR160W, 854, GGA, 0
YOR160W, 856, AGG, 0
YOR160W, 860, GGA, 0
YOR160W, 865, AAG, 0
YOR160W, 867, ATC, 4
YOR160W, 870, AGG, 4
YFR026C, 3, GGA, 0
YFR026C, 5, CAG, 0
YFR026C, 11, GAT, 0
YFR026C, 13, AGG, 0
YFR026C, 16, AAC, 0
YFR026C, 17, GAT, 0
YFR026C, 18, CCG, 0
YFR026C, 19, CAA, 0
YFR026C, 20, ACG, 0
YFR026C, 24, CCG, 0
YFR026C, 26, AAG, 0
YFR026C, 27, AAG, 0
YFR026C, 32, AAC, 0
YFR026C, 34, CAA, 0
YFR026C, 41, TGT, 0
YFR026C, 43, TGT, 0
YFR026C, 46, AGG, 0
YFR026C, 49, AAG, 0
YFR026C, 60, AAC, 0
YFR026C, 61, CTG, 0
YFR026C, 68, GGA, 0
YFR026C, 69, AAG, 0
YBR024W, 8, AAG, 0
YBR024W, 11, GAT, 3
YBR024W, 13, AAC, 1
YBR024W, 29, GAT, 0
YBR024W, 33, AAG, 3
YBR024W, 41, AAG, 0
YBR024W, 43, AAG, 0
YBR024W, 50, GGA, 0
YBR024W, 53, CAT, 0
YBR024W, 58, TGT, 0
YBR024W, 59, CCA, 1
YBR024W, 66, ACG, 1
YBR024W, 73, GAT, 1
YBR024W, 74, GAT, 0
YBR024W, 77, CAT, 1
YBR024W, 79, AAG, 0
YBR024W, 81, CAG, 0
YBR024W, 82, CCA, 0
YBR024W, 85, ATC, 0
YBR024W, 87, TGT, 1
YBR024W, 88, GAT, 3
YBR024W, 92, GAT, 7
YBR024W, 94, CCG, 2
YBR024W, 95, GAT, 1
YBR024W, 103, GAT, 0
YBR024W, 105, CAC, 0
YBR024W, 106, CCA, 1
YBR024W, 108, ATC, 0
YBR024W, 114, ACG, 2
YBR024W, 117, CAA, 2
YBR024W, 118, GTG, 0
YBR024W, 126, AAG, 0
YBR024W, 132, CCA, 1
YBR024W, 133, CGT, 1
YBR024W, 134, GAT, 0
YBR024W, 136, AAG, 5
YBR024W, 138, AAC, 7
YBR024W, 139, CAG, 3
YBR024W, 140, GAT, 4
YBR024W, 143, GTG, 1
YBR024W, 145, CAT, 0
YBR024W, 152, ATC, 1
YBR024W, 156, GGA, 3
YBR024W, 157, CAG, 8
YBR024W, 159, ATC, 0
YBR024W, 160, GAT, 0
YBR024W, 163, GGA, 0
YBR024W, 165, AAC, 2
YBR024W, 167, GAT, 0
YBR024W, 169, CAA, 2
YBR024W, 172, CTC, 2
YBR024W, 174, AAG, 2
YBR024W, 176, CGT, 0
YBR024W, 178, CAA, 0
YBR024W, 180, CAG, 2
YBR024W, 183, GTG, 2
YBR024W, 184, CCA, 0
YBR024W, 185, AAG, 3
YBR024W, 188, CGG, 2
YBR024W, 190, CGT, 1
YBR024W, 191, AGG, 3
YBR024W, 199, ATC, 0
YBR112C, 15, GAT, 2
YBR112C, 16, GTG, 5
YBR112C, 22, CAT, 5
YBR112C, 23, TGT, 3
YBR112C, 25, CTG, 6
YBR112C, 27, CTG, 11
YBR112C, 28, GAT, 7
YBR112C, 29, GAT, 9
YBR112C, 30, CTG, 3
YBR112C, 31, CAA, 4
YBR112C, 38, CAA, 0
YBR112C, 39, CAG, 1
YBR112C, 41, CTC, 0
YBR112C, 43, CAC, 7
YBR112C, 44, CTC, 3
YBR112C, 48, AAC, 13
YBR112C, 50, CCG, 44
YBR112C, 54, CAT, 1
YBR112C, 55, GGA, 6
YBR112C, 56, ATC, 4
YBR112C, 66, CTC, 12
YBR112C, 82, CAT, 3
YBR112C, 85, AAG, 1
YBR112C, 87, AAC, 9
YBR112C, 99, CAT, 3
YBR112C, 100, CAG, 12
YBR112C, 105, CAA, 2
YBR112C, 114, CTC, 0
YBR112C, 116, CAA, 3
YBR112C, 122, CAG, 0
YBR112C, 129, CAG, 17
YBR112C, 138, GGA, 9
YBR112C, 141, CAA, 0
YBR112C, 144, AAG, 3
YBR112C, 149, CAT, 0
YBR112C, 153, CAA, 0
YBR112C, 155, CAA, 2
YBR112C, 156, CAT, 1
YBR112C, 157, CAT, 0
YBR112C, 162, CAA, 2
YBR112C, 163, CAA, 2
YBR112C, 166, TGT, 4
YBR112C, 172, AAC, 0
YBR112C, 174, CAA, 0
YBR112C, 179, CAA, 1
YBR112C, 180, AAG, 16
YBR112C, 183, GAT, 1
YBR112C, 187, AAG, 8
YBR112C, 192, GAT, 9
YBR112C, 195, GAT, 5
YBR112C, 201, CAT, 0
YBR112C, 202, CTC, 0
YBR112C, 205, GTG, 0
YBR112C, 206, CAT, 3
YBR112C, 211, GAT, 0
YBR112C, 217, GAT, 0
YBR112C, 220, CAA, 0
YBR112C, 221, CAA, 3
YBR112C, 226, GAT, 1
YBR112C, 229, AAC, 2
YBR112C, 231, ATC, 11
YBR112C, 236, ATC, 6
YBR112C, 242, CAA, 0
YBR112C, 245, CAA, 0
YBR112C, 269, GAT, 3
YBR112C, 277, TGT, 1
YBR112C, 278, AAC, 0
YBR112C, 279, AAC, 2
YBR112C, 280, CAA, 1
YBR112C, 286, GAT, 0
YBR112C, 289, AAG, 2
YBR112C, 290, CAA, 3
YBR112C, 294, CTG, 3
YBR112C, 300, CAC, 0
YBR112C, 310, AAG, 2
YBR112C, 311, CAG, 0
YBR112C, 314, AAC, 4
YBR112C, 315, CCA, 10
YBR112C, 319, AAC, 8
YBR112C, 322, AAC, 3
YBR112C, 325, CCA, 6
YBR112C, 326, ACG, 9
YBR112C, 332, CCA, 1
YBR112C, 335, GTG, 4
YBR112C, 338, CAA, 0
YBR112C, 342, CAA, 1
YBR112C, 345, GAT, 2
YBR112C, 346, CAA, 1
YBR112C, 347, GGA, 10
YBR112C, 351, AAC, 2
YBR112C, 357, CAA, 0
YBR112C, 367, CAA, 6
YBR112C, 368, CAA, 3
YBR112C, 369, CAG, 3
YBR112C, 370, CAT, 1
YBR112C, 373, CAA, 1
YBR112C, 374, CAA, 0
YBR112C, 375, ACG, 7
YBR112C, 378, AAC, 1
YBR112C, 387, GGA, 4
YBR112C, 391, CAA, 2
YBR112C, 393, CAA, 1
YBR112C, 395, CAA, 0
YBR112C, 397, CAA, 0
YBR112C, 399, CAA, 0
YBR112C, 401, CAA, 0
YBR112C, 403, CAA, 0
YBR112C, 405, CAA, 0
YBR112C, 407, CAA, 0
YBR112C, 409, CAA, 0
YBR112C, 411, CAA, 0
YBR112C, 413, CAA, 0
YBR112C, 415, CAA, 0
YBR112C, 417, CAA, 0
YBR112C, 419, CAA, 0
YBR112C, 421, CAA, 0
YBR112C, 423, CAA, 0
YBR112C, 425, CAG, 0
YBR112C, 427, CAA, 0
YBR112C, 429, CAG, 0
YBR112C, 431, CAA, 0
YBR112C, 433, CAA, 0
YBR112C, 435, CAA, 0
YBR112C, 437, CAT, 0
YBR112C, 439, CAA, 0
YBR112C, 441, CAA, 0
YBR112C, 443, CAA, 0
YBR112C, 445, CAA, 0
YBR112C, 447, CAG, 0
YBR112C, 449, CAA, 0
YBR112C, 451, CAA, 0
YBR112C, 453, CAG, 0
YBR112C, 455, CAG, 0
YBR112C, 457, CAA, 2
YBR112C, 458, CAA, 0
YBR112C, 459, CAA, 3
YBR112C, 460, CAA, 0
YBR112C, 461, CAA, 0
YBR112C, 462, CAA, 0
YBR112C, 463, CAG, 0
YBR112C, 464, CAA, 0
YBR112C, 465, CAA, 0
YBR112C, 466, CAA, 0
YBR112C, 467, CAA, 0
YBR112C, 468, CAA, 0
YBR112C, 469, CAA, 0
YBR112C, 470, CAA, 0
YBR112C, 471, CAA, 0
YBR112C, 472, CAA, 0
YBR112C, 473, CAA, 0
YBR112C, 474, CAA, 0
YBR112C, 475, CAA, 0
YBR112C, 476, CAA, 0
YBR112C, 477, CAA, 0
YBR112C, 478, CAA, 0
YBR112C, 479, CAA, 0
YBR112C, 480, CAA, 0
YBR112C, 481, CAA, 0
YBR112C, 482, CAA, 0
YBR112C, 483, CAA, 0
YBR112C, 484, CAG, 3
YBR112C, 485, CAG, 1
YBR112C, 486, CAG, 10
YBR112C, 487, CAA, 9
YBR112C, 489, CAG, 5
YBR112C, 492, CCA, 5
YBR112C, 494, CAA, 3
YBR112C, 495, CAG, 3
YBR112C, 496, CTG, 8
YBR112C, 497, CAG, 3
YBR112C, 498, CAA, 4
YBR112C, 499, AAG, 14
YBR112C, 500, GGA, 19
YBR112C, 503, GTG, 0
YBR112C, 504, CAA, 2
YBR112C, 509, CAA, 2
YBR112C, 510, CAA, 0
YBR112C, 512, CAA, 0
YBR112C, 513, CCA, 1
YBR112C, 515, ATC, 1
YBR112C, 517, CAG, 1
YBR112C, 518, CCA, 8
YBR112C, 522, CAA, 1
YBR112C, 524, CAC, 1
YBR112C, 525, CAA, 1
YBR112C, 526, CTG, 3
YBR112C, 527, CAA, 0
YBR112C, 528, CCA, 5
YBR112C, 532, CAA, 0
YBR112C, 536, CAT, 0
YBR112C, 537, CCG, 1
YBR112C, 538, CAA, 4
YBR112C, 541, CAA, 4
YBR112C, 542, CTG, 2
YBR112C, 543, CCA, 4
YBR112C, 545, CAA, 10
YBR112C, 546, CAG, 0
YBR112C, 547, CAA, 5
YBR112C, 548, CAA, 1
YBR112C, 550, CAA, 0
YBR112C, 553, CAA, 0
YBR112C, 554, CAT, 1
YBR112C, 555, CCA, 1
YBR112C, 556, CAA, 1
YBR112C, 557, CAA, 5
YBR112C, 559, CAA, 2
YBR112C, 561, CAG, 3
YBR112C, 563, CAA, 2
YBR112C, 565, CAA, 1
YBR112C, 568, CAA, 0
YBR112C, 571, ATC, 7
YBR112C, 572, CAG, 3
YBR112C, 573, CAT, 1
YBR112C, 574, AAC, 0
YBR112C, 575, GTG, 3
YBR112C, 577, CAG, 2
YBR112C, 578, AAC, 3
YBR112C, 582, CAA, 3
YBR112C, 583, AAG, 7
YBR112C, 590, ATC, 11
YBR112C, 591, CAC, 5
YBR112C, 595, GAT, 1
YBR112C, 603, CAC, 1
YBR112C, 607, AAC, 11
YBR112C, 609, AAG, 10
YBR112C, 612, CGT, 7
YBR112C, 613, CAA, 3
YBR112C, 614, CCA, 3
YBR112C, 616, CAT, 1
YBR112C, 619, CCA, 8
YBR112C, 620, ACG, 3
YBR112C, 621, CAA, 1
YBR112C, 626, GGA, 10
YBR112C, 628, ACG, 0
YBR112C, 629, AAC, 5
YBR112C, 632, CCA, 17
YBR112C, 633, CAG, 8
YBR112C, 635, AAG, 16
YBR112C, 636, AAG, 3
YBR112C, 637, CAA, 9
YBR112C, 638, AAG, 10
YBR112C, 640, AAC, 14
YBR112C, 642, CCA, 8
YBR112C, 645, AAC, 4
YBR112C, 646, ATC, 6
YBR112C, 647, AAC, 1
YBR112C, 664, GTG, 5
YBR112C, 666, AAC, 2
YBR112C, 667, CAA, 2
YBR112C, 669, CCA, 8
YBR112C, 672, GTG, 20
YBR112C, 681, CAA, 1
YBR112C, 689, AAC, 3
YBR112C, 698, CAG, 8
YBR112C, 701, CCA, 21
YBR112C, 702, CAG, 7
YBR112C, 722, CCG, 7
YBR112C, 725, ACG, 5
YBR112C, 727, CCA, 4
YBR112C, 733, CAA, 0
YBR112C, 734, CCA, 3
YBR112C, 748, CAA, 1
YBR112C, 774, CAG, 4
YBR112C, 775, CAT, 8
YBR112C, 780, AAC, 11
YBR112C, 795, CCA, 0
YBR112C, 800, GAT, 0
YBR112C, 804, CAA, 13
YBR112C, 805, CAA, 5
YBR112C, 806, GAT, 3
YBR112C, 812, ACG, 5
YBR112C, 816, ATC, 2
YBR112C, 826, GTG, 11
YBR112C, 833, CGT, 9
YBR112C, 837, CAA, 1
YBR112C, 840, CAA, 1
YBR112C, 844, CCA, 5
YBR112C, 845, CAG, 4
YBR112C, 847, AAC, 4
YBR112C, 850, CCA, 7
YBR112C, 856, AGG, 7
YBR112C, 857, CAA, 3
YBR112C, 858, GTG, 11
YBR112C, 861, GAT, 12
YBR112C, 863, AAC, 12
YER039C, 10, CGG, 0
YER039C, 11, AAG, 0
YER039C, 14, CGG, 0
YER039C, 15, CTG, 0
YER039C, 17, AAC, 0
YER039C, 22, GAT, 0
YER039C, 27, AAC, 0
YER039C, 28, AAC, 0
YER039C, 30, CTG, 0
YER039C, 35, CTG, 0
YER039C, 44, GAT, 0
YER039C, 48, AAG, 0
YER039C, 52, GTG, 0
YER039C, 53, AAC, 0
YER039C, 59, CTG, 0
YER039C, 64, ATC, 0
YER039C, 67, CTC, 0
YER039C, 70, GTG, 0
YER039C, 75, TGT, 0
YER039C, 79, TGT, 0
YER039C, 81, CGT, 0
YER039C, 87, ACG, 0
YER039C, 95, AAC, 0
YER039C, 103, GGA, 0
YER039C, 105, GTG, 0
YER039C, 110, CCA, 0
YER039C, 112, AAC, 0
YER039C, 119, ATC, 0
YER039C, 122, GGA, 0
YER039C, 124, CTG, 0
YER039C, 127, CTG, 0
YER039C, 128, CTG, 0
YER039C, 131, GTG, 0
YER039C, 134, CAG, 0
YER039C, 136, AAG, 0
YER039C, 138, CAA, 0
YER039C, 139, CAG, 0
YER039C, 140, CAA, 0
YER039C, 149, AAG, 0
YKR039W, 4, ATC, 1
YKR039W, 8, CTG, 0
YKR039W, 9, CTG, 0
YKR039W, 25, CTG, 3
YKR039W, 27, GGA, 0
YKR039W, 42, CTG, 0
YKR039W, 48, ATC, 0
YKR039W, 57, ACG, 0
YKR039W, 64, GAT, 0
YKR039W, 78, CAA, 1
YKR039W, 82, GTG, 2
YKR039W, 84, CCA, 1
YKR039W, 100, GAT, 1
YKR039W, 101, CCA, 2
YKR039W, 102, AAG, 3
YKR039W, 105, GAT, 11
YKR039W, 117, ATC, 0
YKR039W, 118, ATC, 0
YKR039W, 136, ATC, 0
YKR039W, 137, AAG, 0
YKR039W, 139, ATC, 0
YKR039W, 145, ATC, 1
YKR039W, 146, ATC, 0
YKR039W, 149, ATC, 0
YKR039W, 152, AAC, 0
YKR039W, 153, TGT, 1
YKR039W, 157, CCA, 2
YKR039W, 165, AAG, 0
YKR039W, 168, CAT, 0
YKR039W, 169, GAT, 0
YKR039W, 178, CCA, 2
YKR039W, 186, TGT, 0
YKR039W, 214, AAG, 2
YKR039W, 218, AAG, 0
YKR039W, 222, CAA, 0
YKR039W, 227, ATC, 0
YKR039W, 233, CTG, 0
YKR039W, 243, CCA, 0
YKR039W, 245, AAC, 2
YKR039W, 246, GAT, 0
YKR039W, 255, GTG, 0
YKR039W, 256, GAT, 0
YKR039W, 267, AAG, 0
YKR039W, 269, CAC, 0
YKR039W, 271, ATC, 0
YKR039W, 272, AAG, 0
YKR039W, 275, CCA, 0
YKR039W, 279, AAC, 0
YKR039W, 282, ATC, 0
YKR039W, 286, GTG, 1
YKR039W, 291, AAC, 1
YKR039W, 297, TGT, 1
YKR039W, 307, CAG, 5
YKR039W, 310, CTG, 0
YKR039W, 311, CCA, 0
YKR039W, 313, ATC, 0
YKR039W, 319, CGT, 0
YKR039W, 320, AAG, 0
YKR039W, 323, CCA, 0
YKR039W, 325, GTG, 0
YKR039W, 326, GGA, 0
YKR039W, 344, AAG, 0
YKR039W, 350, AAC, 0
YKR039W, 367, ATC, 0
YKR039W, 368, TGT, 0
YKR039W, 370, TGT, 0
YKR039W, 371, CAC, 0
YKR039W, 373, CGT, 1
YKR039W, 376, AAG, 0
YKR039W, 381, CAA, 0
YKR039W, 382, GGA, 0
YKR039W, 386, GAT, 0
YKR039W, 391, AAG, 2
YKR039W, 413, CAA, 0
YKR039W, 421, GTG, 0
YKR039W, 422, GGA, 0
YKR039W, 423, GAT, 0
YKR039W, 425, CCA, 0
YKR039W, 438, CCA, 0
YKR039W, 445, ATC, 0
YKR039W, 446, GGA, 0
YKR039W, 447, CAC, 0
YKR039W, 448, AAG, 1
YKR039W, 449, ATC, 0
YKR039W, 451, AAG, 0
YKR039W, 452, AGG, 1
YKR039W, 455, AAG, 1
YKR039W, 458, ATC, 0
YKR039W, 459, CCA, 0
YKR039W, 462, AAG, 1
YKR039W, 466, GAT, 0
YKR039W, 467, ACG, 1
YKR039W, 473, GAT, 0
YKR039W, 475, GAT, 0
YKR039W, 479, CAA, 0
YKR039W, 485, AAG, 0
YKR039W, 491, AAG, 0
YKR039W, 492, CCA, 0
YKR039W, 497, ATC, 0
YKR039W, 502, TGT, 0
YHR020W, 3, GAT, 116
YHR020W, 4, CAC, 35
YHR020W, 14, ATC, 86
YHR020W, 16, CAG, 50
YHR020W, 18, AAC, 73
YHR020W, 24, AAG, 33
YHR020W, 33, AAC, 70
YHR020W, 37, GAT, 28
YHR020W, 39, CAA, 46
YHR020W, 41, GTG, 100
YHR020W, 43, GAT, 20
YHR020W, 46, CAA, 13
YHR020W, 48, GTG, 328
YHR020W, 50, AAG, 19
YHR020W, 57, AAG, 74
YHR020W, 59, CAA, 37
YHR020W, 60, CAG, 38
YHR020W, 62, AAG, 91
YHR020W, 63, CAG, 23
YHR020W, 64, CAA, 86
YHR020W, 67, AAG, 80
YHR020W, 87, ATC, 12
YHR020W, 94, GAT, 26
YHR020W, 96, CCA, 173
YHR020W, 100, CAA, 81
YHR020W, 101, CAA, 13
YHR020W, 102, ATC, 134
YHR020W, 105, AAG, 251
YHR020W, 113, GAT, 255
YHR020W, 117, TGT, 15
YHR020W, 119, ATC, 11
YHR020W, 127, ATC, 9
YHR020W, 130, AAC, 57
YHR020W, 132, CAG, 43
YHR020W, 138, AAG, 85
YHR020W, 139, ATC, 92
YHR020W, 140, AAG, 125
YHR020W, 145, CAA, 5
YHR020W, 150, CCA, 25
YHR020W, 156, CGT, 162
YHR020W, 157, GTG, 102
YHR020W, 160, AAG, 154
YHR020W, 162, AAG, 211
YHR020W, 164, CAT, 29
YHR020W, 170, CCA, 48
YHR020W, 186, CCA, 8
YHR020W, 187, ATC, 16
YHR020W, 191, CCA, 11
YHR020W, 206, CAG, 267
YHR020W, 210, GAT, 50
YHR020W, 212, CCA, 38
YHR020W, 216, AAC, 20
YHR020W, 217, CAA, 25
YHR020W, 221, GTG, 108
YHR020W, 227, AAG, 135
YHR020W, 228, CAT, 5
YHR020W, 230, CAG, 9
YHR020W, 241, CAA, 18
YHR020W, 244, CAT, 20
YHR020W, 247, CAC, 17
YHR020W, 251, AAG, 41
YHR020W, 252, GAT, 97
YHR020W, 259, CAA, 7
YHR020W, 260, ATC, 33
YHR020W, 262, GAT, 27
YHR020W, 275, CCA, 47
YHR020W, 276, GTG, 63
YHR020W, 278, AAG, 44
YHR020W, 281, AAG, 91
YHR020W, 284, AAG, 13
YHR020W, 296, TGT, 1
YHR020W, 301, CCA, 31
YHR020W, 302, CAA, 22
YHR020W, 305, CGT, 19
YHR020W, 308, CAA, 5
YHR020W, 313, CAC, 2
YHR020W, 314, CAT, 4
YHR020W, 317, CAA, 5
YHR020W, 318, AAC, 56
YHR020W, 321, AAG, 27
YHR020W, 327, GTG, 6
YHR020W, 329, AAC, 72
YHR020W, 330, CCA, 24
YHR020W, 334, GAT, 7
YHR020W, 335, CAT, 7
YHR020W, 336, CCA, 25
YHR020W, 337, AAG, 26
YHR020W, 338, ATC, 1
YHR020W, 342, CAA, 38
YHR020W, 350, CGT, 26
YHR020W, 358, ATC, 26
YHR020W, 359, CAC, 6
YHR020W, 362, AAC, 28
YHR020W, 363, AAG, 45
YHR020W, 367, ATC, 15
YHR020W, 368, CCA, 28
YHR020W, 369, CCA, 2
YHR020W, 371, GTG, 38
YHR020W, 373, CAA, 12
YHR020W, 375, CAA, 16
YHR020W, 380, CCA, 22
YHR020W, 381, GTG, 43
YHR020W, 383, ATC, 51
YHR020W, 385, AAG, 6
YHR020W, 386, AAG, 98
YHR020W, 391, CAG, 41
YHR020W, 392, CGT, 11
YHR020W, 394, CAC, 6
YHR020W, 396, CAT, 4
YHR020W, 402, GTG, 23
YHR020W, 405, CGT, 47
YHR020W, 408, AAG, 28
YHR020W, 418, AAC, 25
YHR020W, 419, GAT, 22
YHR020W, 423, CCA, 26
YHR020W, 429, CAA, 3
YHR020W, 433, AAG, 20
YHR020W, 436, CCA, 34
YHR020W, 437, ATC, 24
YHR020W, 438, CGT, 24
YHR020W, 444, AAG, 214
YHR020W, 445, GAT, 56
YHR020W, 449, AAC, 41
YHR020W, 450, CAA, 14
YHR020W, 455, CGT, 3
YHR020W, 460, AAG, 37
YHR020W, 472, CGT, 20
YHR020W, 473, ATC, 9
YHR020W, 474, CCA, 6
YHR020W, 476, ATC, 13
YHR020W, 481, CAA, 15
YHR020W, 482, GGA, 21
YHR020W, 483, GAT, 9
YHR020W, 489, AAG, 15
YHR020W, 495, CAC, 11
YHR020W, 498, ATC, 37
YHR020W, 507, CCA, 19
YHR020W, 510, AAC, 13
YHR020W, 511, AAG, 8
YHR020W, 512, AAG, 42
YHR020W, 513, AAC, 33
YHR020W, 515, ATC, 3
YHR020W, 518, CCA, 21
YHR020W, 520, TGT, 17
YHR020W, 522, GTG, 16
YHR020W, 525, TGT, 34
YHR020W, 528, GAT, 46
YHR020W, 529, ATC, 22
YHR020W, 530, AAG, 22
YHR020W, 535, AAG, 116
YHR020W, 538, GAT, 53
YHR020W, 545, GAT, 54
YHR020W, 547, AAG, 29
YHR020W, 549, CCA, 39
YHR020W, 557, TGT, 5
YHR020W, 558, ATC, 10
YHR020W, 559, CCA, 28
YHR020W, 562, CAA, 2
YHR020W, 569, CAA, 7
YHR020W, 571, TGT, 43
YHR020W, 572, ATC, 73
YHR020W, 573, AAG, 26
YHR020W, 574, TGT, 18
YHR020W, 576, CGT, 0
YHR020W, 582, TGT, 38
YHR020W, 586, CGT, 6
